"generator_app","qvd_path_raw","qvd_field","db_connection","db_schema","db_table","db_column","src_qvd_path","src_qvd_field","status","line"
"01 ESS QVD Builder - IEP","lib://AppData/PROD/AzureDataLake/ESS/IEP/Temp/IEP_Activity_1000_Jobs.QVD","*","AzureDbProdNIAADL","ESS","IEP Activity","*",NA,NA,"select-star",1039
"01 ESS QVD Builder - IEP","lib://AppData/PROD/AzureDataLake/ESS/IEP/Temp/IEP_Activity.QVD","IEP Activity Key","AzureDbProdNIAADL",NA,NA,"CONVERT(VARCHAR,P.ProjectId) + '|' + $(vSNAPSHOT_DATE)",NA,NA,"expr-column",1042
"01 ESS QVD Builder - IEP","lib://AppData/PROD/AzureDataLake/ESS/IEP/Temp/IEP_Activity.QVD","IEP Activity Snapshot Date","AzureDbProdNIAADL",NA,NA,"$(vSNAPSHOT_DATE)",NA,NA,"expr-column",1042
"01 ESS QVD Builder - IEP","lib://AppData/PROD/AzureDataLake/ESS/IEP/Temp/IEP_Activity.QVD","IEP Activity Extract Date","AzureDbProdNIAADL","ESS","SUB804_IEP_PROJECT_HISTORY_NIAA","P.EXTRACT_DATE",NA,NA,"mapped-chained",1042
"01 ESS QVD Builder - IEP","lib://AppData/PROD/AzureDataLake/ESS/IEP/Temp/IEP_Activity.QVD","IEP Activity ID",NA,NA,NA,NA,NA,NA,"multi-source",1042
"01 ESS QVD Builder - IEP","lib://AppData/PROD/AzureDataLake/ESS/IEP/Temp/IEP_Activity.QVD","IEP Provider Key","AzureDbProdNIAADL",NA,NA,"CONVERT(VARCHAR,P.ProviderId) + '|ESSWEB|' + $(vSNAPSHOT_DATE)",NA,NA,"expr-column",1042
"01 ESS QVD Builder - IEP","lib://AppData/PROD/AzureDataLake/ESS/IEP/Temp/IEP_Activity.QVD","Activity Name","AzureDbProdNIAADL","ESS","SUB804_IEP_PROJECT_HISTORY_NIAA","P.Title",NA,NA,"mapped-chained",1042
"01 ESS QVD Builder - IEP","lib://AppData/PROD/AzureDataLake/ESS/IEP/Temp/IEP_Activity.QVD","Activity Start Date","AzureDbProdNIAADL",NA,NA,"CONVERT(DATE,StartDate)",NA,NA,"expr-column",1042
"01 ESS QVD Builder - IEP","lib://AppData/PROD/AzureDataLake/ESS/IEP/Temp/IEP_Activity.QVD","Activity End Date","AzureDbProdNIAADL",NA,NA,"EndDate",NA,NA,"mapped-chained",1042
"01 ESS QVD Builder - IEP","lib://AppData/PROD/AzureDataLake/ESS/IEP/Temp/IEP_Activity.QVD","Supervising Office Code","AzureDbProdNIAADL",NA,NA,"SupervisingOfficeCode",NA,NA,"mapped-chained",1042
"01 ESS QVD Builder - IEP","lib://AppData/PROD/AzureDataLake/ESS/IEP/Temp/IEP_Activity.QVD","Supervising Office","AzureDbProdNIAADL",NA,NA,"ISNULL(DIS.LONG_DESC,'Unknown')",NA,NA,"expr-column",1042
"01 ESS QVD Builder - IEP","lib://AppData/PROD/AzureDataLake/ESS/IEP/Temp/IEP_Activity.QVD","Activity Approved Date","AzureDbProdNIAADL",NA,NA,"ApprovalDate",NA,NA,"mapped-chained",1042
"01 ESS QVD Builder - IEP","lib://AppData/PROD/AzureDataLake/ESS/IEP/Temp/IEP_Activity.QVD","Activity Approved Cost","AzureDbProdNIAADL",NA,NA,"ApprovedCost",NA,NA,"mapped-chained",1042
"01 ESS QVD Builder - IEP","lib://AppData/PROD/AzureDataLake/ESS/IEP/Temp/IEP_Activity.QVD","Program CAT Code","AzureDbProdNIAADL",NA,NA,"ProgramCategoryCode",NA,NA,"mapped-chained",1042
"01 ESS QVD Builder - IEP","lib://AppData/PROD/AzureDataLake/ESS/IEP/Temp/IEP_Activity.QVD","Activity Status Code","AzureDbProdNIAADL","ESS","SUB804_IEP_PROJECT_HISTORY_NIAA","p.StatusCode",NA,NA,"mapped-chained",1042
"01 ESS QVD Builder - IEP","lib://AppData/PROD/AzureDataLake/ESS/IEP/Temp/IEP_Activity.QVD","Activity Status","AzureDbProdNIAADL","ESS","SUB811_LOOKUP_ADW_CODE_NIAA","ISA.LONG_DESC",NA,NA,"mapped-chained",1042
"01 ESS QVD Builder - IEP","lib://AppData/PROD/AzureDataLake/ESS/IEP/Temp/IEP_Activity.QVD","Activity Spent Funds","AzureDbProdNIAADL",NA,NA,"ApprovedCost - UnspentFunds",NA,NA,"mapped-chained",1042
"01 ESS QVD Builder - IEP","lib://AppData/PROD/AzureDataLake/ESS/IEP/Temp/IEP_Activity.QVD","Activity Unspent Funds","AzureDbProdNIAADL",NA,NA,"UnspentFunds",NA,NA,"mapped-chained",1042
"01 ESS QVD Builder - IEP","lib://AppData/PROD/AzureDataLake/ESS/IEP/Temp/IEP_Activity.QVD","Activity Contract Manager","AzureDbProdNIAADL",NA,NA,"CONCAT(USR.FIRST_GIVEN_NAME, ' ' ,USR.FAMILY_NAME)",NA,NA,"expr-column",1042
"01 ESS QVD Builder - IEP","lib://AppData/PROD/AzureDataLake/ESS/IEP/Temp/IEP_Activity.QVD","Activity Contract Manager Email","AzureDbProdNIAADL","ESS","SUB863_EBIW_ESAM_USERS_NIAA","EMAIL_ADDRESS",NA,NA,"mapped-chained",1042
"01 ESS QVD Builder - IEP","lib://AppData/PROD/AzureDataLake/ESS/IEP/Temp/IEP_Activity.QVD","Business Development Officer","AzureDbProdNIAADL",NA,NA,"CONCAT(BDO.FIRST_GIVEN_NAME, ' ' ,BDO.FAMILY_NAME)",NA,NA,"expr-column",1042
"01 ESS QVD Builder - IEP","lib://AppData/PROD/AzureDataLake/ESS/IEP/Temp/IEP_Activity.QVD","Business Development Officer Email","AzureDbProdNIAADL","ESS","SUB863_EBIW_ESAM_USERS_NIAA","EMAIL_ADDRESS",NA,NA,"mapped-chained",1042
"01 ESS QVD Builder - IEP","lib://AppData/PROD/AzureDataLake/ESS/IEP/Temp/IEP_Activity.QVD","Legal Contract Execution Date","AzureDbProdNIAADL",NA,NA,"ExecutionDate",NA,NA,"mapped-chained",1042
"01 ESS QVD Builder - IEP","lib://AppData/PROD/AzureDataLake/ESS/IEP/Temp/IEP_Activity.QVD","Activity Training Max Places","AzureDbProdNIAADL",NA,NA,"MaxTrainingCount",NA,NA,"mapped-chained",1042
"01 ESS QVD Builder - IEP","lib://AppData/PROD/AzureDataLake/ESS/IEP/Temp/IEP_Activity.QVD","Activity Employment Max Places","AzureDbProdNIAADL",NA,NA,"MaxEmploymentCount",NA,NA,"mapped-chained",1042
"01 ESS QVD Builder - IEP","lib://AppData/PROD/AzureDataLake/ESS/IEP/Temp/IEP_Activity.QVD","Activity Description","AzureDbProdNIAADL",NA,NA,"Description",NA,NA,"mapped-chained",1042
"01 ESS QVD Builder - IEP","lib://AppData/PROD/AzureDataLake/ESS/IEP/Temp/IEP_Activity.QVD","Activity Recruitment End Date","AzureDbProdNIAADL",NA,NA,"RecruitmentEndDate",NA,NA,"mapped-chained",1042
"01 ESS QVD Builder - IEP","lib://AppData/PROD/AzureDataLake/ESS/IEP/Temp/IEP_Activity.QVD","Activity Recruitment Ended Flag","AzureDbProdNIAADL",NA,NA,"CASE WHEN RecruitmentEndDate > $(vSNAPSHOT_DATE_SQL) THEN 'No' ELSE 'Yes' END",NA,NA,"expr-column",1042
"01 ESS QVD Builder - IEP","lib://AppData/PROD/AzureDataLake/ESS/IEP/Temp/IEP_Activity.QVD","prg.[IEP Program Element]","AzureDbProdNIAADL","ESS","IEP Program Element","prg.[IEP Program Element]",NA,NA,"parse-error",1042
"01 ESS QVD Builder - IEP","lib://AppData/PROD/AzureDataLake/ESS/IEP/Temp/IEP_Activity.QVD","prg.[IEP Program Name]","AzureDbProdNIAADL","ESS","IEP Program Element","prg.[IEP Program Name]",NA,NA,"parse-error",1042
"01 ESS QVD Builder - IEP","lib://AppData/PROD/AzureDataLake/ESS/IEP/Temp/IEP_Activity.QVD","Project Type Code","AzureDbProdNIAADL","ESS","SUB804_IEP_PROJECT_HISTORY_NIAA","P.TypeCode",NA,NA,"mapped-chained",1042
"01 ESS QVD Builder - IEP","lib://AppData/PROD/AzureDataLake/ESS/IEP/Temp/IEP_Activity.QVD","Activity Duration (Weeks)","AzureDbProdNIAADL",NA,NA,"FLOOR(DATEDIFF(day,StartDate,EndDate)/7)",NA,NA,"expr-column",1042
"01 ESS QVD Builder - IEP","lib://AppData/PROD/AzureDataLake/ESS/IEP/Temp/IEP_Activity.QVD","Industry","AzureDbProdNIAADL",NA,NA,"COALESCE(COALESCE(OC1.LONG_DESC,OC1old.LONG_DESC),'Unknown')",NA,NA,"expr-column",1042
"01 ESS QVD Builder - IEP","lib://AppData/PROD/AzureDataLake/ESS/IEP/Temp/IEP_Activity.QVD","Occupation","AzureDbProdNIAADL",NA,NA,"COALESCE(COALESCE(AZJ.LONG_DESC,AZJold.LONG_DESC),'Unknown')",NA,NA,"expr-column",1042
"01 ESS QVD Builder - IEP","lib://AppData/PROD/AzureDataLake/ESS/IEP/Temp/IEP_Activity.QVD","IEP Program Element","AzureDbProdNIAADL","ESS","IEP Program Element","IEP Program Element",NA,NA,"mapped-chained",1042
"01 ESS QVD Builder - IEP","lib://AppData/PROD/AzureDataLake/ESS/IEP/Temp/IEP_Activity.QVD","IEP Program Name","AzureDbProdNIAADL","ESS","IEP Program Element","IEP Program Name",NA,NA,"mapped-chained",1042
"01 ESS QVD Builder - IEP","lib://AppData/PROD/AzureDataLake/ESS/IEP/Temp/IEP_Activity.QVD","IEP Program Element Old","AzureDbProdNIAADL","ESS","IEP Program Element","IEP Program Element Old",NA,NA,"mapped-chained",1042
"01 ESS QVD Builder - IEP","lib://AppData/PROD/AzureDataLake/ESS/IEP/Temp/IEP_Activity.QVD","Original Activity Approved Date","AzureDbProdNIAADL",NA,NA,"date([Original Activity Approved Date])",NA,NA,"parse-error",1042
"01 ESS QVD Builder - IEP","lib://AppData/PROD/AzureDataLake/ESS/IEP/Temp/IEP_Activity.QVD","Original Activity Approved Cost","AzureDbProdNIAADL","ESS","IEP Activity Original Approval","Original Activity Approved Cost",NA,NA,"mapped-chained",1042
"01 ESS QVD Builder - IEP","lib://AppData/PROD/AzureDataLake/ESS/IEP/Temp/IEP_Activity_Contact.QVD","IEP Activity Key","AzureDbProdNIAADL",NA,NA,"CONVERT(VARCHAR,CNTCT.ProjectId) + '|' + $(vSNAPSHOT_DATE)",NA,NA,"expr-column",1045
"01 ESS QVD Builder - IEP","lib://AppData/PROD/AzureDataLake/ESS/IEP/Temp/IEP_Activity_Contact.QVD","IEP Activity Snapshot Date","AzureDbProdNIAADL",NA,NA,"$(vSNAPSHOT_DATE)",NA,NA,"expr-column",1045
"01 ESS QVD Builder - IEP","lib://AppData/PROD/AzureDataLake/ESS/IEP/Temp/IEP_Activity_Contact.QVD","IEP Activity Extract Date","AzureDbProdNIAADL","ESS","SUB817_IEP_PROJECT_CONTACT_NIAA","CNTCT.EXTRACT_DATE",NA,NA,"mapped",1045
"01 ESS QVD Builder - IEP","lib://AppData/PROD/AzureDataLake/ESS/IEP/Temp/IEP_Activity_Contact.QVD","IEP Activity ID","AzureDbProdNIAADL","ESS","SUB817_IEP_PROJECT_CONTACT_NIAA","CNTCT.ProjectId",NA,NA,"mapped",1045
"01 ESS QVD Builder - IEP","lib://AppData/PROD/AzureDataLake/ESS/IEP/Temp/IEP_Activity_Contact.QVD","IEP Provider Contact Name","AzureDbProdNIAADL",NA,NA,"ISNULL(CNTCT.FirstName + ' ','') + ISNULL(CNTCT.LastName,'')",NA,NA,"expr-column",1045
"01 ESS QVD Builder - IEP","lib://AppData/PROD/AzureDataLake/ESS/IEP/Temp/IEP_Activity_Contact.QVD","IEP Provider Contact Email","AzureDbProdNIAADL",NA,NA,"ISNULL(CNTCT.EMAIL,'')",NA,NA,"expr-column",1045
"01 ESS QVD Builder - IEP","lib://AppData/PROD/AzureDataLake/ESS/IEP/Temp/IEP_Activity_Contact.QVD","IEP Provider Contact Mobile","AzureDbProdNIAADL","ESS","SUB817_IEP_PROJECT_CONTACT_NIAA","CNTCT.Mobile",NA,NA,"mapped",1045
"01 ESS QVD Builder - IEP","lib://AppData/PROD/AzureDataLake/ESS/IEP/Temp/IEP_Activity_Contact.QVD","IEP Provider Contact Phone","AzureDbProdNIAADL","ESS","SUB817_IEP_PROJECT_CONTACT_NIAA","CNTCT.Phone",NA,NA,"mapped",1045
"01 ESS QVD Builder - IEP","lib://AppData/PROD/AzureDataLake/ESS/IEP/Temp/IEP_Activity_Contact.QVD","IEP Provider Contact First Name","AzureDbProdNIAADL",NA,NA,"ISNULL(CNTCT.FirstName,'')",NA,NA,"expr-column",1045
"01 ESS QVD Builder - IEP","lib://AppData/PROD/AzureDataLake/ESS/IEP/Temp/IEP_Activity_Contact.QVD","IEP Provider Contact Last Name","AzureDbProdNIAADL",NA,NA,"ISNULL(CNTCT.LastName,'')",NA,NA,"expr-column",1045
"01 ESS QVD Builder - IEP","lib://AppData/PROD/AzureDataLake/ESS/IEP/Temp/IEP_Activity_Expenditure.QVD","IEP Activity Key","AzureDbProdNIAADL",NA,NA,"CONVERT(VARCHAR,P.ProjectId) + '|' + $(vSNAPSHOT_DATE)",NA,NA,"expr-column",1048
"01 ESS QVD Builder - IEP","lib://AppData/PROD/AzureDataLake/ESS/IEP/Temp/IEP_Activity_Expenditure.QVD","IEP Activity Snapshot Date","AzureDbProdNIAADL",NA,NA,"$(vSNAPSHOT_DATE)",NA,NA,"expr-column",1048
"01 ESS QVD Builder - IEP","lib://AppData/PROD/AzureDataLake/ESS/IEP/Temp/IEP_Activity_Expenditure.QVD","IEP Activity Extract Date","AzureDbProdNIAADL","ESS","SUB804_IEP_PROJECT_HISTORY_NIAA","P.EXTRACT_DATE",NA,NA,"mapped-chained",1048
"01 ESS QVD Builder - IEP","lib://AppData/PROD/AzureDataLake/ESS/IEP/Temp/IEP_Activity_Expenditure.QVD","IEP Activity ID","AzureDbProdNIAADL",NA,NA,"CAST(P.ProjectId AS NUMERIC)",NA,NA,"parse-error",1048
"01 ESS QVD Builder - IEP","lib://AppData/PROD/AzureDataLake/ESS/IEP/Temp/IEP_Activity_Expenditure.QVD","Payment_FY","AzureDbProdNIAADL",NA,NA,"CASE WHEN MONTH(COALESCE(pymt.Duedate,PYMT.StatusDateTime)) <= 6 THEN CAST(YEAR(COALESCE(pymt.Duedate,PYMT.StatusDateTime)) - 1 AS varchar(4) ) + '-' + CAST( YEAR(COALESCE(pymt.Duedate,PYMT.StatusDateTime)) AS varchar(4) ) /* 2016/2017 */ ELSE CAST(YEAR(COALESCE(pymt.Duedate,PYMT.StatusDateTime)) AS varchar(4) ) + '-' + CAST( YEAR(COALESCE(pymt.Duedate,PYMT.StatusDateTime)) + 1 AS varchar(4) ) /* 2017/2018 */ END",NA,NA,"parse-error",1048
"01 ESS QVD Builder - IEP","lib://AppData/PROD/AzureDataLake/ESS/IEP/Temp/IEP_Activity_Expenditure.QVD","Expenditure","AzureDbProdNIAADL",NA,NA,"COALESCE(sum(Payments),0)",NA,NA,"expr-column",1048
"01 ESS QVD Builder - IEP","lib://AppData/PROD/AzureDataLake/ESS/IEP/Temp/IEP_Activity_Expenditure.QVD","Advance","AzureDbProdNIAADL",NA,NA,"COALESCE(sum(Advance),0)",NA,NA,"expr-column",1048
"01 ESS QVD Builder - IEP","lib://AppData/PROD/AzureDataLake/ESS/IEP/Temp/IEP_Activity_Expenditure.QVD","Acquittal","AzureDbProdNIAADL",NA,NA,"COALESCE(sum(Acquittal),0)",NA,NA,"expr-column",1048
"01 ESS QVD Builder - IEP","lib://AppData/PROD/AzureDataLake/ESS/IEP/Temp/IEP_Activity_Expenditure.QVD","Expenditure_GST_Free","AzureDbProdNIAADL",NA,NA,"COALESCE(sum(Payments_GST_Free),0)",NA,NA,"expr-column",1048
"01 ESS QVD Builder - IEP","lib://AppData/PROD/AzureDataLake/ESS/IEP/Temp/IEP_Activity_Expenditure.QVD","Advance_GST_Free","AzureDbProdNIAADL",NA,NA,"COALESCE(sum(Advance_GST_Free),0)",NA,NA,"expr-column",1048
"01 ESS QVD Builder - IEP","lib://AppData/PROD/AzureDataLake/ESS/IEP/Temp/IEP_Activity_Expenditure.QVD","Acquittal_GST_Free","AzureDbProdNIAADL",NA,NA,"COALESCE(sum(Acquittal_GST_Free),0)",NA,NA,"expr-column",1048
"01 ESS QVD Builder - IEP","lib://AppData/PROD/AzureDataLake/ESS/IEP/Temp/IEP_Claim_Payments.QVD","IEP Activity Key","AzureDbProdNIAADL",NA,NA,"CONVERT(VARCHAR,ProjectId) + '|' + $(vSNAPSHOT_DATE)",NA,NA,"expr-column",1051
"01 ESS QVD Builder - IEP","lib://AppData/PROD/AzureDataLake/ESS/IEP/Temp/IEP_Claim_Payments.QVD","IEP Activity Snapshot Date","AzureDbProdNIAADL",NA,NA,"$(vSNAPSHOT_DATE)",NA,NA,"expr-column",1051
"01 ESS QVD Builder - IEP","lib://AppData/PROD/AzureDataLake/ESS/IEP/Temp/IEP_Claim_Payments.QVD","IEP Payment Extract Date","AzureDbProdNIAADL","ESS","SUB804_IEP_PROJECT_HISTORY_NIAA","EXTRACT_DATE",NA,NA,"mapped-chained",1051
"01 ESS QVD Builder - IEP","lib://AppData/PROD/AzureDataLake/ESS/IEP/Temp/IEP_Claim_Payments.QVD","IEP Payment Key","AzureDbProdNIAADL",NA,NA,"CONVERT(VARCHAR,PaymentId) + '|' + $(vSNAPSHOT_DATE)",NA,NA,"expr-column",1051
"01 ESS QVD Builder - IEP","lib://AppData/PROD/AzureDataLake/ESS/IEP/Temp/IEP_Claim_Payments.QVD","IEP Payment Activity ID",NA,NA,NA,NA,NA,NA,"multi-source",1051
"01 ESS QVD Builder - IEP","lib://AppData/PROD/AzureDataLake/ESS/IEP/Temp/IEP_Claim_Payments.QVD","Payment ID","AzureDbProdNIAADL","ESS","SUB803_IEP_PAYMENTS_NIAA","PaymentId",NA,NA,"mapped-chained",1051
"01 ESS QVD Builder - IEP","lib://AppData/PROD/AzureDataLake/ESS/IEP/Temp/IEP_Claim_Payments.QVD","Payment_FY",NA,NA,NA,"YearName(DueDate,0,7)",NA,NA,"expr-column",1051
"01 ESS QVD Builder - IEP","lib://AppData/PROD/AzureDataLake/ESS/IEP/Temp/IEP_Claim_Payments.QVD","Expenditure","AzureDbProdNIAADL",NA,NA,"CASE WHEN PaymentType = 'OPIR' and StatusCode IN ('ARQD','ACQU') THEN 0 WHEN PaymentType = 'OPIA' THEN 0 ELSE Coalesce(AmountGstLiable,0) END",NA,NA,"expr-column",1051
"01 ESS QVD Builder - IEP","lib://AppData/PROD/AzureDataLake/ESS/IEP/Temp/IEP_Claim_Payments.QVD","Advance","AzureDbProdNIAADL",NA,NA,"CASE WHEN PaymentType = 'OPIA' THEN Coalesce(AmountGstLiable,0) ELSE 0 END",NA,NA,"expr-column",1051
"01 ESS QVD Builder - IEP","lib://AppData/PROD/AzureDataLake/ESS/IEP/Temp/IEP_Claim_Payments.QVD","Acquittal","AzureDbProdNIAADL",NA,NA,"CASE WHEN PaymentType = 'OPIR' and StatusCode IN ('ARQD','ACQU') THEN Coalesce(AmountGstLiable,0) ELSE 0 END",NA,NA,"expr-column",1051
"01 ESS QVD Builder - IEP","lib://AppData/PROD/AzureDataLake/ESS/IEP/Temp/IEP_Claim_Payments.QVD","Expenditure_GST_Free","AzureDbProdNIAADL",NA,NA,"CASE WHEN PaymentType = 'OPIR' and StatusCode IN ('ARQD','ACQU') THEN 0 WHEN PaymentType = 'OPIA' THEN 0 ELSE Coalesce(AmountGstFree,0) END",NA,NA,"expr-column",1051
"01 ESS QVD Builder - IEP","lib://AppData/PROD/AzureDataLake/ESS/IEP/Temp/IEP_Claim_Payments.QVD","Advance_GST_Free","AzureDbProdNIAADL",NA,NA,"CASE WHEN PaymentType = 'OPIA' THEN Coalesce(AmountGstFree,0) ELSE 0 END",NA,NA,"expr-column",1051
"01 ESS QVD Builder - IEP","lib://AppData/PROD/AzureDataLake/ESS/IEP/Temp/IEP_Claim_Payments.QVD","Acquittal_GST_Free","AzureDbProdNIAADL",NA,NA,"CASE WHEN PaymentType = 'OPIR' and StatusCode IN ('ARQD','ACQU') THEN Coalesce(AmountGstFree,0) ELSE 0 END",NA,NA,"expr-column",1051
"01 ESS QVD Builder - IEP","lib://AppData/PROD/AzureDataLake/ESS/IEP/Temp/IEP_Claim_Payments.QVD","Total Expenditure",NA,NA,NA,"Expenditure + Advance + Expenditure_GST_Free + Advance_GST_Free",NA,NA,"expr-column",1051
"01 ESS QVD Builder - IEP","lib://AppData/PROD/AzureDataLake/ESS/IEP/Temp/IEP_Claim_Payments.QVD","Total Expenditure GST Excl",NA,NA,NA,"(Expenditure/1.1) + (Advance/1.1) + Expenditure_GST_Free + Advance_GST_Free",NA,NA,"expr-column",1051
"01 ESS QVD Builder - IEP","lib://AppData/PROD/AzureDataLake/ESS/IEP/Temp/IEP_Claim_Payments.QVD","Advance Paid",NA,NA,NA,"Advance + Advance_GST_Free",NA,NA,"expr-column",1051
"01 ESS QVD Builder - IEP","lib://AppData/PROD/AzureDataLake/ESS/IEP/Temp/IEP_Claim_Payments.QVD","Advance Paid GST Excl",NA,NA,NA,"(Advance/1.1) + Advance_GST_Free",NA,NA,"expr-column",1051
"01 ESS QVD Builder - IEP","lib://AppData/PROD/AzureDataLake/ESS/IEP/Temp/IEP_Claim_Payments.QVD","Due_Date",NA,NA,NA,"Date(DueDate)",NA,NA,"expr-column",1051
"01 ESS QVD Builder - IEP","lib://AppData/PROD/AzureDataLake/ESS/IEP/Temp/IEP_Claim_Payments.QVD","Payment Month Year",NA,NA,NA,"Month(DueDate) & '-' & Year(DueDate)",NA,NA,"expr-column",1051
"01 ESS QVD Builder - IEP","lib://AppData/PROD/AzureDataLake/ESS/IEP/Temp/IEP_Claim_Payments.QVD","StatusCode","AzureDbProdNIAADL","ESS","SUB803_IEP_PAYMENTS_NIAA","StatusCode",NA,NA,"mapped-chained",1051
"01 ESS QVD Builder - IEP","lib://AppData/PROD/AzureDataLake/ESS/IEP/Temp/IEP_Claim_Payments.QVD","PaymentType","AzureDbProdNIAADL","ESS","SUB803_IEP_PAYMENTS_NIAA","PaymentType",NA,NA,"mapped-chained",1051
"01 ESS QVD Builder - IEP","lib://AppData/PROD/AzureDataLake/ESS/IEP/Temp/IEP_Job_Seeker.QVD","IEP Job Seeker Snapshot Date","AzureDbProdNIAADL",NA,NA,"$(vSNAPSHOT_DATE)",NA,NA,"expr-column",1054
"01 ESS QVD Builder - IEP","lib://AppData/PROD/AzureDataLake/ESS/IEP/Temp/IEP_Job_Seeker.QVD","IEP Job Seeker Extract Date","AzureDbProdNIAADL","ESS","SUB814_JOBSEEKER_NIAA","EXTRACT_DATE",NA,NA,"mapped",1054
"01 ESS QVD Builder - IEP","lib://AppData/PROD/AzureDataLake/ESS/IEP/Temp/IEP_Job_Seeker.QVD","IEP Job Seeker Key","AzureDbProdNIAADL",NA,NA,"CONVERT(VARCHAR,JOB_SEEKER_ID) + '|' + $(vSNAPSHOT_DATE)",NA,NA,"expr-column",1054
"01 ESS QVD Builder - IEP","lib://AppData/PROD/AzureDataLake/ESS/IEP/Temp/IEP_Job_Seeker.QVD","IEP Job Seeker ID","AzureDbProdNIAADL","ESS","SUB814_JOBSEEKER_NIAA","JOB_SEEKER_ID",NA,NA,"mapped",1054
"01 ESS QVD Builder - IEP","lib://AppData/PROD/AzureDataLake/ESS/IEP/Temp/IEP_Job_Seeker.QVD","Job Seeker CRN","AzureDbProdNIAADL","ESS","SUB814_JOBSEEKER_NIAA","CRN",NA,NA,"mapped",1054
"01 ESS QVD Builder - IEP","lib://AppData/PROD/AzureDataLake/ESS/IEP/Temp/IEP_Job_Seeker.QVD","Job Seeker Name","AzureDbProdNIAADL",NA,NA,"TITLE + ' ' + GIVEN_NAME + ' ' + SURNAME",NA,NA,"expr-column",1054
"01 ESS QVD Builder - IEP","lib://AppData/PROD/AzureDataLake/ESS/IEP/Temp/IEP_Job_Seeker.QVD","Job Seeker Other Given Name","AzureDbProdNIAADL","ESS","SUB814_JOBSEEKER_NIAA","SECOND_GIVEN_NAME",NA,NA,"mapped",1054
"01 ESS QVD Builder - IEP","lib://AppData/PROD/AzureDataLake/ESS/IEP/Temp/IEP_Job_Seeker.QVD","Job Seeker Gender Code","AzureDbProdNIAADL","ESS","SUB814_JOBSEEKER_NIAA","GENDER_CD",NA,NA,"mapped",1054
"01 ESS QVD Builder - IEP","lib://AppData/PROD/AzureDataLake/ESS/IEP/Temp/IEP_Job_Seeker.QVD","Job Seeker Gender","AzureDbProdNIAADL",NA,NA,"CASE WHEN JS.GENDER_CD = 'F' THEN 'Female' WHEN JS.GENDER_CD = 'M' THEN 'Male' END",NA,NA,"expr-column",1054
"01 ESS QVD Builder - IEP","lib://AppData/PROD/AzureDataLake/ESS/IEP/Temp/IEP_Job_Seeker.QVD","Job Seeker Birth Date","AzureDbProdNIAADL","ESS","SUB814_JOBSEEKER_NIAA","BIRTH_DATE",NA,NA,"mapped",1054
"01 ESS QVD Builder - IEP","lib://AppData/PROD/AzureDataLake/ESS/IEP/Temp/IEP_Job_Seeker.QVD","Job Seeker Country Of Birth Code","AzureDbProdNIAADL","ESS","SUB814_JOBSEEKER_NIAA","COUNTRY_BIRTH_CD",NA,NA,"mapped",1054
"01 ESS QVD Builder - IEP","lib://AppData/PROD/AzureDataLake/ESS/IEP/Temp/IEP_Job_Seeker.QVD","Job Seeker Country Of Birth","AzureDbProdNIAADL","ESS","SUB814_JOBSEEKER_NIAA","COUNTRY_BIRTH",NA,NA,"mapped",1054
"01 ESS QVD Builder - IEP","lib://AppData/PROD/AzureDataLake/ESS/IEP/Temp/IEP_Job_Seeker.QVD","Job Seeker Home State","AzureDbProdNIAADL","ESS","SUB814_JOBSEEKER_NIAA","HOME_STATE",NA,NA,"mapped",1054
"01 ESS QVD Builder - IEP","lib://AppData/PROD/AzureDataLake/ESS/IEP/Temp/IEP_Job_Seeker.QVD","Job Seeker Home Post","AzureDbProdNIAADL","ESS","SUB814_JOBSEEKER_NIAA","HOME_PC",NA,NA,"mapped",1054
"01 ESS QVD Builder - IEP","lib://AppData/PROD/AzureDataLake/ESS/IEP/Temp/IEP_Job_Seeker.QVD","Job Seeker Home Suburb","AzureDbProdNIAADL","ESS","SUB814_JOBSEEKER_NIAA","HOME_SUBURB",NA,NA,"mapped",1054
"01 ESS QVD Builder - IEP","lib://AppData/PROD/AzureDataLake/ESS/IEP/Temp/IEP_Locations.QVD","IEP Activity Key","AzureDbProdNIAADL",NA,NA,"CONVERT(VARCHAR,L.ProjectId) + '|' + $(vSNAPSHOT_DATE)",NA,NA,"expr-column",1057
"01 ESS QVD Builder - IEP","lib://AppData/PROD/AzureDataLake/ESS/IEP/Temp/IEP_Locations.QVD","IEP Activity Snapshot Date","AzureDbProdNIAADL",NA,NA,"$(vSNAPSHOT_DATE)",NA,NA,"expr-column",1057
"01 ESS QVD Builder - IEP","lib://AppData/PROD/AzureDataLake/ESS/IEP/Temp/IEP_Locations.QVD","IEP Activity Extract Date","AzureDbProdNIAADL","ESS","SUB805_IEP_PROJECT_LOCATION_HISTORY_NIAA","L.EXTRACT_DATE",NA,NA,"mapped-chained",1057
"01 ESS QVD Builder - IEP","lib://AppData/PROD/AzureDataLake/ESS/IEP/Temp/IEP_Locations.QVD","IEP Activity Id","AzureDbProdNIAADL",NA,NA,"ProjectId",NA,NA,"mapped-chained",1057
"01 ESS QVD Builder - IEP","lib://AppData/PROD/AzureDataLake/ESS/IEP/Temp/IEP_Locations.QVD","Locality_IEP","AzureDbProdNIAADL",NA,NA,"STRING_AGG(TRIM(CONVERT(varchar(max),Locations.[Locality IEP])), ', ')",NA,NA,"parse-error",1057
"01 ESS QVD Builder - IEP","lib://AppData/PROD/AzureDataLake/ESS/IEP/Temp/IEP_Locations.QVD","Electorate","AzureDbProdNIAADL",NA,NA,"STRING_AGG(TRIM(CONVERT(varchar(max),Locations.Electorate)),',')",NA,NA,"expr-column",1057
"01 ESS QVD Builder - IEP","lib://AppData/PROD/AzureDataLake/ESS/IEP/Temp/IEP_Locations.QVD","Regions_IEP","AzureDbProdNIAADL",NA,NA,"STRING_AGG(TRIM(CONVERT(varchar(max),Locations.[Regions IEP])),',')",NA,NA,"parse-error",1057
"01 ESS QVD Builder - IEP","lib://AppData/PROD/AzureDataLake/ESS/IEP/Temp/IEP_Outcome.QVD","IEP Outcome Snapshot Date","AzureDbProdNIAADL",NA,NA,"$(vSNAPSHOT_DATE)",NA,NA,"expr-column",1060
"01 ESS QVD Builder - IEP","lib://AppData/PROD/AzureDataLake/ESS/IEP/Temp/IEP_Outcome.QVD","IEP Outcome Extract Date","AzureDbProdNIAADL","ESS","SUB810_IEP_OUTCOME_HISTORY_NIAA","OC.EXTRACT_DATE",NA,NA,"mapped",1060
"01 ESS QVD Builder - IEP","lib://AppData/PROD/AzureDataLake/ESS/IEP/Temp/IEP_Outcome.QVD","IEP Outcome Key","AzureDbProdNIAADL",NA,NA,"CONVERT(VARCHAR,OutcomeID) + '|' + $(vSNAPSHOT_DATE)",NA,NA,"expr-column",1060
"01 ESS QVD Builder - IEP","lib://AppData/PROD/AzureDataLake/ESS/IEP/Temp/IEP_Outcome.QVD","IEP Outcome ID","AzureDbProdNIAADL",NA,NA,"OutcomeID",NA,NA,"mapped",1060
"01 ESS QVD Builder - IEP","lib://AppData/PROD/AzureDataLake/ESS/IEP/Temp/IEP_Outcome.QVD","Outcome Week","AzureDbProdNIAADL",NA,NA,"Week",NA,NA,"mapped",1060
"01 ESS QVD Builder - IEP","lib://AppData/PROD/AzureDataLake/ESS/IEP/Temp/IEP_Outcome.QVD","Outcome Due Date","AzureDbProdNIAADL",NA,NA,"DueDate",NA,NA,"mapped",1060
"01 ESS QVD Builder - IEP","lib://AppData/PROD/AzureDataLake/ESS/IEP/Temp/IEP_Outcome.QVD","Outcome Claim Date","AzureDbProdNIAADL",NA,NA,"ClaimDate",NA,NA,"mapped",1060
"01 ESS QVD Builder - IEP","lib://AppData/PROD/AzureDataLake/ESS/IEP/Temp/IEP_Outcome.QVD","Outcome Amount","AzureDbProdNIAADL",NA,NA,"Amount",NA,NA,"mapped",1060
"01 ESS QVD Builder - IEP","lib://AppData/PROD/AzureDataLake/ESS/IEP/Temp/IEP_Outcome.QVD","Outcome Gst Free","AzureDbProdNIAADL",NA,NA,"CASE WHEN GstFree = 1 THEN 'Y' ELSE 'N' END",NA,NA,"expr-column",1060
"01 ESS QVD Builder - IEP","lib://AppData/PROD/AzureDataLake/ESS/IEP/Temp/IEP_Outcome.QVD","Outcome Gst Excl Amount","AzureDbProdNIAADL",NA,NA,"CASE WHEN GstFree = 0 THEN Amount/1.1 ELSE Amount END",NA,NA,"expr-column",1060
"01 ESS QVD Builder - IEP","lib://AppData/PROD/AzureDataLake/ESS/IEP/Temp/IEP_Outcome.QVD","Outcome Gst Amount","AzureDbProdNIAADL",NA,NA,"CASE WHEN GstFree = 0 THEN Amount/11 ELSE Amount END",NA,NA,"expr-column",1060
"01 ESS QVD Builder - IEP","lib://AppData/PROD/AzureDataLake/ESS/IEP/Temp/IEP_Outcome.QVD","Outcome Status Code","AzureDbProdNIAADL",NA,NA,"StatusCode",NA,NA,"mapped",1060
"01 ESS QVD Builder - IEP","lib://AppData/PROD/AzureDataLake/ESS/IEP/Temp/IEP_Outcome.QVD","Outcome Status","AzureDbProdNIAADL","ESS","SUB811_LOOKUP_ADW_CODE_NIAA","YYS.LONG_DESC",NA,NA,"mapped",1060
"01 ESS QVD Builder - IEP","lib://AppData/PROD/AzureDataLake/ESS/IEP/Temp/IEP_Outcome.QVD","Outcome Comment","AzureDbProdNIAADL",NA,NA,"Comment",NA,NA,"mapped",1060
"01 ESS QVD Builder - IEP","lib://AppData/PROD/AzureDataLake/ESS/IEP/Temp/IEP_Outcome.QVD","IEP Claim Key","AzureDbProdNIAADL",NA,NA,"CONVERT(VARCHAR,ClaimID) + '|' + $(vSNAPSHOT_DATE)",NA,NA,"expr-column",1060
"01 ESS QVD Builder - IEP","lib://AppData/PROD/AzureDataLake/ESS/IEP/Temp/IEP_Outcome.QVD","IEP Placement Key","AzureDbProdNIAADL",NA,NA,"CONVERT(VARCHAR,OC.ProjectPlacementId) + '|' + $(vSNAPSHOT_DATE)",NA,NA,"expr-column",1060
"01 ESS QVD Builder - IEP","lib://AppData/PROD/AzureDataLake/ESS/IEP/Temp/IEP_Outcome.QVD","Outcome Claim Sequence Number","AzureDbProdNIAADL",NA,NA,"ClaimSequenceNumber",NA,NA,"mapped",1060
"01 ESS QVD Builder - IEP","lib://AppData/PROD/AzureDataLake/ESS/IEP/Temp/IEP_Outcome.QVD","Outcome Claim Status Code","AzureDbProdNIAADL",NA,NA,"ClaimStatusCode",NA,NA,"mapped",1060
"01 ESS QVD Builder - IEP","lib://AppData/PROD/AzureDataLake/ESS/IEP/Temp/IEP_Outcome.QVD","Outcome Claim Status","AzureDbProdNIAADL","ESS","SUB811_LOOKUP_ADW_CODE_NIAA","YPY.LONG_DESC",NA,NA,"mapped",1060
"01 ESS QVD Builder - IEP","lib://AppData/PROD/AzureDataLake/ESS/IEP/Temp/IEP_Outcome.QVD","Outcome Claim Status Date","AzureDbProdNIAADL",NA,NA,"ClaimStatusDate",NA,NA,"mapped",1060
"01 ESS QVD Builder - IEP","lib://AppData/PROD/AzureDataLake/ESS/IEP/Temp/IEP_Placement.QVD","IEP Placement Snapshot Date","AzureDbProdNIAADL",NA,NA,"$(vSNAPSHOT_DATE)",NA,NA,"expr-column",1063
"01 ESS QVD Builder - IEP","lib://AppData/PROD/AzureDataLake/ESS/IEP/Temp/IEP_Placement.QVD","IEP Placement Extract Date","AzureDbProdNIAADL","ESS","SUB806_IEP_PROJECT_PLACEMENT_HISTORY_NIAA","PP.EXTRACT_DATE",NA,NA,"mapped-chained",1063
"01 ESS QVD Builder - IEP","lib://AppData/PROD/AzureDataLake/ESS/IEP/Temp/IEP_Placement.QVD","IEP Placement Key",NA,NA,NA,NA,NA,NA,"multi-source",1063
"01 ESS QVD Builder - IEP","lib://AppData/PROD/AzureDataLake/ESS/IEP/Temp/IEP_Placement.QVD","IEP Placement ID","AzureDbProdNIAADL","ESS","SUB806_IEP_PROJECT_PLACEMENT_HISTORY_NIAA","PP.ProjectPlacementId",NA,NA,"mapped-chained",1063
"01 ESS QVD Builder - IEP","lib://AppData/PROD/AzureDataLake/ESS/IEP/Temp/IEP_Placement.QVD","IEP Activity Key","AzureDbProdNIAADL",NA,NA,"CONVERT(VARCHAR,PP.ProjectId) + '|' + $(vSNAPSHOT_DATE)",NA,NA,"expr-column",1063
"01 ESS QVD Builder - IEP","lib://AppData/PROD/AzureDataLake/ESS/IEP/Temp/IEP_Placement.QVD","IEP Job Seeker Key","AzureDbProdNIAADL",NA,NA,"CONVERT(VARCHAR,JobSeekerId) + '|' + $(vSNAPSHOT_DATE)",NA,NA,"expr-column",1063
"01 ESS QVD Builder - IEP","lib://AppData/PROD/AzureDataLake/ESS/IEP/Temp/IEP_Placement.QVD","Placement Creation Date","AzureDbProdNIAADL","ESS","SUB806_IEP_PROJECT_PLACEMENT_HISTORY_NIAA","PP.CreatedOn",NA,NA,"mapped-chained",1063
"01 ESS QVD Builder - IEP","lib://AppData/PROD/AzureDataLake/ESS/IEP/Temp/IEP_Placement.QVD","Placement Start Date","AzureDbProdNIAADL",NA,NA,"CommencementDate",NA,NA,"mapped-chained",1063
"01 ESS QVD Builder - IEP","lib://AppData/PROD/AzureDataLake/ESS/IEP/Temp/IEP_Placement.QVD","Commencement_FY","AzureDbProdNIAADL",NA,NA,"CASE WHEN MONTH(CommencementDate) <= 6 THEN CAST(YEAR(CommencementDate) - 1 AS varchar(4) ) + '-' + CAST( YEAR(CommencementDate) AS varchar(4) ) ELSE CAST(YEAR(CommencementDate) AS varchar(4) ) + '-' + CAST( YEAR(CommencementDate) + 1 AS varchar(4) ) END",NA,NA,"parse-error",1063
"01 ESS QVD Builder - IEP","lib://AppData/PROD/AzureDataLake/ESS/IEP/Temp/IEP_Placement.QVD","Placement End Date","AzureDbProdNIAADL","ESS","SUB806_IEP_PROJECT_PLACEMENT_HISTORY_NIAA","PP.EndDate",NA,NA,"mapped-chained",1063
"01 ESS QVD Builder - IEP","lib://AppData/PROD/AzureDataLake/ESS/IEP/Temp/IEP_Placement.QVD","Placement Closed Flag","AzureDbProdNIAADL",NA,NA,"CASE WHEN PP.EndDate > '1950-01-01' THEN 'Y' ELSE 'N' END",NA,NA,"expr-column",1063
"01 ESS QVD Builder - IEP","lib://AppData/PROD/AzureDataLake/ESS/IEP/Temp/IEP_Placement.QVD","Placement Site Code","AzureDbProdNIAADL",NA,NA,"PlacementSiteCode",NA,NA,"mapped-chained",1063
"01 ESS QVD Builder - IEP","lib://AppData/PROD/AzureDataLake/ESS/IEP/Temp/IEP_Placement.QVD","Placement End Reason","AzureDbProdNIAADL",NA,NA,"EndReason",NA,NA,"mapped-chained",1063
"01 ESS QVD Builder - IEP","lib://AppData/PROD/AzureDataLake/ESS/IEP/Temp/IEP_Placement.QVD","Placement End Comment","AzureDbProdNIAADL",NA,NA,"EndComment",NA,NA,"mapped-chained",1063
"01 ESS QVD Builder - IEP","lib://AppData/PROD/AzureDataLake/ESS/IEP/Temp/IEP_Placement.QVD","Placement Result Code","AzureDbProdNIAADL",NA,NA,"PlacementResultCode",NA,NA,"mapped-chained",1063
"01 ESS QVD Builder - IEP","lib://AppData/PROD/AzureDataLake/ESS/IEP/Temp/IEP_Placement.QVD","Placement Comment","AzureDbProdNIAADL",NA,NA,"PlacementComment",NA,NA,"mapped-chained",1063
"01 ESS QVD Builder - IEP","lib://AppData/PROD/AzureDataLake/ESS/IEP/Temp/IEP_Placement.QVD","Placement Occupation Code","AzureDbProdNIAADL","ESS","SUB806_IEP_PROJECT_PLACEMENT_HISTORY_NIAA","PP.OccupationCode",NA,NA,"mapped-chained",1063
"01 ESS QVD Builder - IEP","lib://AppData/PROD/AzureDataLake/ESS/IEP/Temp/IEP_Placement.QVD","Placement Industry Code","AzureDbProdNIAADL","ESS","SUB806_IEP_PROJECT_PLACEMENT_HISTORY_NIAA","PP.IndustryCode",NA,NA,"mapped-chained",1063
"01 ESS QVD Builder - IEP","lib://AppData/PROD/AzureDataLake/ESS/IEP/Temp/IEP_Placement.QVD","Placement Location","AzureDbProdNIAADL",NA,NA,"Location",NA,NA,"mapped-chained",1063
"01 ESS QVD Builder - IEP","lib://AppData/PROD/AzureDataLake/ESS/IEP/Temp/IEP_Placement.QVD","Placement Postcode","AzureDbProdNIAADL",NA,NA,"PostCode",NA,NA,"mapped-chained",1063
"01 ESS QVD Builder - IEP","lib://AppData/PROD/AzureDataLake/ESS/IEP/Temp/IEP_Placement.QVD","Placement Employment Sector","AzureDbProdNIAADL",NA,NA,"EmploymentSector",NA,NA,"mapped-chained",1063
"01 ESS QVD Builder - IEP","lib://AppData/PROD/AzureDataLake/ESS/IEP/Temp/IEP_Placement.QVD","Placement Employment Status","AzureDbProdNIAADL",NA,NA,"EmploymentStatus",NA,NA,"mapped-chained",1063
"01 ESS QVD Builder - IEP","lib://AppData/PROD/AzureDataLake/ESS/IEP/Temp/IEP_Placement.QVD","Placement Description","AzureDbProdNIAADL",NA,NA,"PlacementDescription",NA,NA,"mapped-chained",1063
"01 ESS QVD Builder - IEP","lib://AppData/PROD/AzureDataLake/ESS/IEP/Temp/IEP_Placement.QVD","Placement Employer ABN","AzureDbProdNIAADL",NA,NA,"EmployerABN",NA,NA,"mapped-chained",1063
"01 ESS QVD Builder - IEP","lib://AppData/PROD/AzureDataLake/ESS/IEP/Temp/IEP_Placement.QVD","Placement Notional Full Time","AzureDbProdNIAADL",NA,NA,"NotionalFullTime",NA,NA,"mapped-chained",1063
"01 ESS QVD Builder - IEP","lib://AppData/PROD/AzureDataLake/ESS/IEP/Temp/IEP_Placement.QVD","Placement Assistance Type Code","AzureDbProdNIAADL",NA,NA,"AssistanceTypeCode",NA,NA,"mapped-chained",1063
"01 ESS QVD Builder - IEP","lib://AppData/PROD/AzureDataLake/ESS/IEP/Temp/IEP_Placement.QVD","Placement CDP Classification","AzureDbProdNIAADL",NA,NA,"CDPClassification",NA,NA,"mapped-chained",1063
"01 ESS QVD Builder - IEP","lib://AppData/PROD/AzureDataLake/ESS/IEP/Temp/IEP_Placement.QVD","Placement Substitute Flag","AzureDbProdNIAADL",NA,NA,"CASE WHEN SubstituteFlag = 'true' THEN 'Y' ELSE 'N' END",NA,NA,"expr-column",1063
"01 ESS QVD Builder - IEP","lib://AppData/PROD/AzureDataLake/ESS/IEP/Temp/IEP_Placement.QVD","Placement Locality","AzureDbProdNIAADL",NA,NA,"Locality",NA,NA,"mapped-chained",1063
"01 ESS QVD Builder - IEP","lib://AppData/PROD/AzureDataLake/ESS/IEP/Temp/IEP_Placement.QVD","Placement State","AzureDbProdNIAADL",NA,NA,"COALESCE(State,'Missing')",NA,NA,"expr-column",1063
"01 ESS QVD Builder - IEP","lib://AppData/PROD/AzureDataLake/ESS/IEP/Temp/IEP_Placement.QVD","Placement Expected End Date","AzureDbProdNIAADL",NA,NA,"ExpectedEndDate",NA,NA,"mapped-chained",1063
"01 ESS QVD Builder - IEP","lib://AppData/PROD/AzureDataLake/ESS/IEP/Temp/IEP_Placement.QVD","Placement Group Name","AzureDbProdNIAADL",NA,NA,"Name",NA,NA,"mapped-chained",1063
"01 ESS QVD Builder - IEP","lib://AppData/PROD/AzureDataLake/ESS/IEP/Temp/IEP_Placement.QVD","Placement Type Code","AzureDbProdNIAADL",NA,NA,"CategoryCode",NA,NA,"mapped-chained",1063
"01 ESS QVD Builder - IEP","lib://AppData/PROD/AzureDataLake/ESS/IEP/Temp/IEP_Placement.QVD","Placement Type","AzureDbProdNIAADL","ESS","SUB811_LOOKUP_ADW_CODE_NIAA","PGS.LONG_DESC",NA,NA,"mapped-chained",1063
"01 ESS QVD Builder - IEP","lib://AppData/PROD/AzureDataLake/ESS/IEP/Temp/IEP_Placement.QVD","Employment Commenced","AzureDbProdNIAADL",NA,NA,"CASE WHEN PlacementResultCode IN ('P','X') THEN 1 ELSE 0 END",NA,NA,"expr-column",1063
"01 ESS QVD Builder - IEP","lib://AppData/PROD/AzureDataLake/ESS/IEP/Temp/IEP_Placement.QVD","Placement Industry Desc","AzureDbProdNIAADL",NA,NA,"COALESCE(COALESCE(IIN.LONG_DESC,IINold.LONG_DESC),'Unknown')",NA,NA,"expr-column",1063
"01 ESS QVD Builder - IEP","lib://AppData/PROD/AzureDataLake/ESS/IEP/Temp/IEP_Placement.QVD","Placement Occupation Desc","AzureDbProdNIAADL",NA,NA,"COALESCE(COALESCE(AZJ.LONG_DESC,AZJold.LONG_DESC),'Unknown')",NA,NA,"expr-column",1063
"01 ESS QVD Builder - IEP","lib://AppData/PROD/AzureDataLake/ESS/IEP/Temp/IEP_Placement.QVD","Placement End Rsn Desc","AzureDbProdNIAADL",NA,NA,"COALESCE(YEP.LONG_DESC,'Unknown')",NA,NA,"expr-column",1063
"01 ESS QVD Builder - IEP","lib://AppData/PROD/AzureDataLake/ESS/IEP/Temp/IEP_Placement.QVD","Placement Training Commencements","AzureDbProdNIAADL",NA,NA,"CASE WHEN PP.PlacementResultCode in ('T') THEN 1 ELSE 0 END",NA,NA,"expr-column",1063
"01 ESS QVD Builder - IEP","lib://AppData/PROD/AzureDataLake/ESS/IEP/Temp/IEP_Placement.QVD","Placement Has Actual End Date","AzureDbProdNIAADL",NA,NA,"CASE WHEN PP.EndDate IS NOT NULL THEN 'Y' ELSE 'N' END",NA,NA,"expr-column",1063
"01 ESS QVD Builder - IEP","lib://AppData/PROD/AzureDataLake/ESS/IEP/Temp/IEP_Placement.QVD","Placement Active As of Snapshot Date","AzureDbProdNIAADL",NA,NA,"CASE WHEN pp.CommencementDate <=  $(vSNAPSHOT_DATE_SQL) THEN CASE WHEN PP.ExpectedEndDate >  $(vSNAPSHOT_DATE_SQL) OR PP.ExpectedEndDate IS NULL THEN CASE WHEN PP.EndDate >  $(vSNAPSHOT_DATE_SQL) THEN PP.JobSeekerId WHEN PP.EndDate IS NULL THEN  PP.JobSeekerId ELSE 0 END ELSE 0 END ELSE 0 END",NA,NA,"parse-error",1063
"01 ESS QVD Builder - IEP","lib://AppData/PROD/AzureDataLake/ESS/IEP/Temp/IEP_Placement.QVD","IAS Placement Flag","AzureDbProdNIAADL",NA,NA,"CASE WHEN P.EndDate >='2014-07-01' THEN 'Y' ELSE 'N' END",NA,NA,"expr-column",1063
"01 ESS QVD Builder - IEP","lib://AppData/PROD/AzureDataLake/ESS/IEP/Temp/IEP_Placement.QVD","Placement Active As of Prev Period","AzureDbProdNIAADL",NA,NA,"CASE WHEN pp.CommencementDate <= DATEADD(YEAR, -1,  $(vSNAPSHOT_DATE_SQL)) THEN CASE WHEN PP.ExpectedEndDate > DATEADD(YEAR, -1,  $(vSNAPSHOT_DATE_SQL)) OR PP.ExpectedEndDate IS NULL THEN CASE WHEN PP.EndDate > DATEADD(YEAR, -1,  $(vSNAPSHOT_DATE_SQL)) THEN PP.JobSeekerId WHEN PP.EndDate IS NULL THEN PP.JobSeekerId ELSE 0 END ELSE 0 END ELSE 0 END",NA,NA,"parse-error",1063
"01 ESS QVD Builder - IEP","lib://AppData/PROD/AzureDataLake/ESS/IEP/Temp/IEP_Placement.QVD","Placement Result Desc","AzureDbProdNIAADL",NA,NA,"COALESCE(RRU.LONG_DESC,'Unknown')",NA,NA,"expr-column",1063
"01 ESS QVD Builder - IEP","lib://AppData/PROD/AzureDataLake/ESS/IEP/Temp/IEP_Placement.QVD","Placement Max Paid Outcome Week","AzureDbProdNIAADL","ESS","IEP Placement Summary","Placement Max Paid Outcome Week",NA,NA,"mapped-chained",1063
"01 ESS QVD Builder - IEP","lib://AppData/PROD/AzureDataLake/ESS/IEP/Temp/IEP_Placement.QVD","Placement Achieved 26 Week Outcome","AzureDbProdNIAADL","ESS","IEP Placement Summary","Placement Achieved 26 Week Outcome",NA,NA,"mapped-chained",1063
"01 ESS QVD Builder - IEP","lib://AppData/PROD/AzureDataLake/ESS/IEP/Temp/IEP_Placement.QVD","Expected 13 Week Achieved Date","AzureDbProdNIAADL","ESS","IEP Placement Summary","Expected 13 Week Achieved Date",NA,NA,"mapped-chained",1063
"01 ESS QVD Builder - IEP","lib://AppData/PROD/AzureDataLake/ESS/IEP/Temp/IEP_Placement.QVD","Expected 26 Week Achieved Date","AzureDbProdNIAADL","ESS","IEP Placement Summary","Expected 26 Week Achieved Date",NA,NA,"mapped-chained",1063
"01 ESS QVD Builder - IEP","lib://AppData/PROD/AzureDataLake/ESS/IEP/Temp/IEP_Placement.QVD","Placement Final Milestone Date","AzureDbProdNIAADL","ESS","IEP Placement Summary","Placement Final Milestone Date",NA,NA,"mapped-chained",1063
"01 ESS QVD Builder - IEP","lib://AppData/PROD/AzureDataLake/ESS/IEP/Temp/IEP_Placement.QVD","Placement Outcome Achieved 13 Week Milestone","AzureDbProdNIAADL","ESS","IEP Placement Summary","Placement Outcome Achieved 13 Week Milestone",NA,NA,"mapped-chained",1063
"01 ESS QVD Builder - IEP","lib://AppData/PROD/AzureDataLake/ESS/IEP/Temp/IEP_Placement.QVD","Placement Outcome Achieved 26 Week Milestone","AzureDbProdNIAADL","ESS","IEP Placement Summary","Placement Outcome Achieved 26 Week Milestone",NA,NA,"mapped-chained",1063
"01 ESS QVD Builder - IEP","lib://AppData/PROD/AzureDataLake/ESS/IEP/Temp/IEP_Placement.QVD","Placement Outcome Achieved 52 Week Milestone","AzureDbProdNIAADL","ESS","IEP Placement Summary","Placement Outcome Achieved 52 Week Milestone",NA,NA,"mapped-chained",1063
"01 ESS QVD Builder - IEP","lib://AppData/PROD/AzureDataLake/ESS/IEP/Temp/IEP_Placement.QVD","Placement Outcome Achieved 104 Week Milestone","AzureDbProdNIAADL","ESS","IEP Placement Summary","Placement Outcome Achieved 104 Week Milestone",NA,NA,"mapped-chained",1063
"01 ESS QVD Builder - IEP","lib://AppData/PROD/AzureDataLake/ESS/IEP/Temp/IEP_Provider.QVD","IEP Provider Key","AzureDbProdNIAADL",NA,NA,"CONVERT(NVARCHAR,prov.ProviderId) + '|ESSWEB|' + $(vSNAPSHOT_DATE)",NA,NA,"expr-column",1066
"01 ESS QVD Builder - IEP","lib://AppData/PROD/AzureDataLake/ESS/IEP/Temp/IEP_Provider.QVD","IEP Provider Snapshot Date","AzureDbProdNIAADL",NA,NA,"$(vSNAPSHOT_DATE)",NA,NA,"expr-column",1066
"01 ESS QVD Builder - IEP","lib://AppData/PROD/AzureDataLake/ESS/IEP/Temp/IEP_Provider.QVD","IEP Provider Extract Date","AzureDbProdNIAADL","ESS","SUB816_PROVIDER_NIAA","PROV.EXTRACT_DATE",NA,NA,"mapped-chained",1066
"01 ESS QVD Builder - IEP","lib://AppData/PROD/AzureDataLake/ESS/IEP/Temp/IEP_Provider.QVD","prov.[IEP Provider ID]","AzureDbProdNIAADL","ESS","SUB816_PROVIDER_NIAA","PROV.ProviderId",NA,NA,"parse-error",1066
"01 ESS QVD Builder - IEP","lib://AppData/PROD/AzureDataLake/ESS/IEP/Temp/IEP_Provider.QVD","IEP Provider TypeCode","AzureDbProdNIAADL","ESS","SUB816_PROVIDER_NIAA","PROV.ProviderTypeCode",NA,NA,"mapped-chained",1066
"01 ESS QVD Builder - IEP","lib://AppData/PROD/AzureDataLake/ESS/IEP/Temp/IEP_Provider.QVD","IEP Provider StatusCode","AzureDbProdNIAADL","ESS","SUB816_PROVIDER_NIAA","PROV.ProviderStatusCode",NA,NA,"mapped-chained",1066
"01 ESS QVD Builder - IEP","lib://AppData/PROD/AzureDataLake/ESS/IEP/Temp/IEP_Provider.QVD","IEP Provider StatusDate","AzureDbProdNIAADL","ESS","SUB816_PROVIDER_NIAA","PROV.ProviderStatusDate",NA,NA,"mapped-chained",1066
"01 ESS QVD Builder - IEP","lib://AppData/PROD/AzureDataLake/ESS/IEP/Temp/IEP_Provider.QVD","IEP Provider ABN","AzureDbProdNIAADL","ESS","SUB816_PROVIDER_NIAA","PROV.ProviderABN",NA,NA,"mapped-chained",1066
"01 ESS QVD Builder - IEP","lib://AppData/PROD/AzureDataLake/ESS/IEP/Temp/IEP_Provider.QVD","IEP Provider LegalName","AzureDbProdNIAADL","ESS","SUB816_PROVIDER_NIAA","PROV.LegalName",NA,NA,"mapped-chained",1066
"01 ESS QVD Builder - IEP","lib://AppData/PROD/AzureDataLake/ESS/IEP/Temp/IEP_Provider.QVD","IEP Provider TradingName","AzureDbProdNIAADL","ESS","SUB816_PROVIDER_NIAA","PROV.TradingName",NA,NA,"mapped-chained",1066
"01 ESS QVD Builder - IEP","lib://AppData/PROD/AzureDataLake/ESS/IEP/Temp/IEP_Provider.QVD","IEP Provider PhoneNumber","AzureDbProdNIAADL","ESS","SUB816_PROVIDER_NIAA","PROV.ProviderContactPhoneNumber",NA,NA,"mapped-chained",1066
"01 ESS QVD Builder - IEP","lib://AppData/PROD/AzureDataLake/ESS/IEP/Temp/IEP_Provider.QVD","IEP Provider ShortDescription","AzureDbProdNIAADL","ESS","SUB816_PROVIDER_NIAA","PROV.ShortDescription",NA,NA,"mapped-chained",1066
"01 ESS QVD Builder - IEP","lib://AppData/PROD/AzureDataLake/ESS/IEP/Temp/IEP_Provider.QVD","IEP Provider IndustryCode","AzureDbProdNIAADL","ESS","SUB816_PROVIDER_NIAA","PROV.IndustryCode",NA,NA,"mapped-chained",1066
"01 ESS QVD Builder - IEP","lib://AppData/PROD/AzureDataLake/ESS/IEP/Temp/IEP_Provider.QVD","IEP Provider OrganisationCode","AzureDbProdNIAADL","ESS","SUB816_PROVIDER_NIAA","PROV.OrganisationCode",NA,NA,"mapped-chained",1066
"01 ESS QVD Builder - IEP","lib://AppData/PROD/AzureDataLake/ESS/IEP/Temp/IEP_Provider.QVD","OLD Provider ID","AzureDbProdNIAADL","ESS","IEP_PROVIDER_MAPPING","MAP.[IesProviderId]",NA,NA,"parse-error",1066
"01 ESS QVD Builder - IEP","lib://AppData/PROD/AzureDataLake/ESS/IEP/Temp/IEP_Provider.QVD","IEP Provider AddressLine1","AzureDbProdNIAADL","ESS","SUB812_PROVIDER_ADDRESS_NIAA","LEGAL_ADDR.AddressLine1",NA,NA,"mapped-chained",1066
"01 ESS QVD Builder - IEP","lib://AppData/PROD/AzureDataLake/ESS/IEP/Temp/IEP_Provider.QVD","IEP Provider AddressLine2","AzureDbProdNIAADL","ESS","SUB812_PROVIDER_ADDRESS_NIAA","LEGAL_ADDR.AddressLine2",NA,NA,"mapped-chained",1066
"01 ESS QVD Builder - IEP","lib://AppData/PROD/AzureDataLake/ESS/IEP/Temp/IEP_Provider.QVD","IEP Provider AddressLine3","AzureDbProdNIAADL","ESS","SUB812_PROVIDER_ADDRESS_NIAA","LEGAL_ADDR.AddressLine3",NA,NA,"mapped-chained",1066
"01 ESS QVD Builder - IEP","lib://AppData/PROD/AzureDataLake/ESS/IEP/Temp/IEP_Provider.QVD","IEP Provider Locality","AzureDbProdNIAADL","ESS","SUB812_PROVIDER_ADDRESS_NIAA","LEGAL_ADDR.Locality",NA,NA,"mapped-chained",1066
"01 ESS QVD Builder - IEP","lib://AppData/PROD/AzureDataLake/ESS/IEP/Temp/IEP_Provider.QVD","IEP Provider State","AzureDbProdNIAADL","ESS","SUB812_PROVIDER_ADDRESS_NIAA","LEGAL_ADDR.StateCode",NA,NA,"mapped-chained",1066
"01 ESS QVD Builder - IEP","lib://AppData/PROD/AzureDataLake/ESS/IEP/Temp/IEP_Provider.QVD","IEP Provider Post","AzureDbProdNIAADL","ESS","SUB812_PROVIDER_ADDRESS_NIAA","LEGAL_ADDR.PostCode",NA,NA,"mapped-chained",1066
"01 ESS QVD Builder - IEP","lib://AppData/PROD/AzureDataLake/ESS/IEP/Temp/IEP_Provider.QVD","IEP Provider HO AddressLine1","AzureDbProdNIAADL","ESS","SUB812_PROVIDER_ADDRESS_NIAA","HO_ADDR.AddressLine1",NA,NA,"mapped-chained",1066
"01 ESS QVD Builder - IEP","lib://AppData/PROD/AzureDataLake/ESS/IEP/Temp/IEP_Provider.QVD","IEP Provider HO AddressLine2","AzureDbProdNIAADL","ESS","SUB812_PROVIDER_ADDRESS_NIAA","HO_ADDR.AddressLine2",NA,NA,"mapped-chained",1066
"01 ESS QVD Builder - IEP","lib://AppData/PROD/AzureDataLake/ESS/IEP/Temp/IEP_Provider.QVD","IEP Provider HO AddressLine3","AzureDbProdNIAADL","ESS","SUB812_PROVIDER_ADDRESS_NIAA","HO_ADDR.AddressLine3",NA,NA,"mapped-chained",1066
"01 ESS QVD Builder - IEP","lib://AppData/PROD/AzureDataLake/ESS/IEP/Temp/IEP_Provider.QVD","IEP Provider HO Locality","AzureDbProdNIAADL","ESS","SUB812_PROVIDER_ADDRESS_NIAA","HO_ADDR.Locality",NA,NA,"mapped-chained",1066
"01 ESS QVD Builder - IEP","lib://AppData/PROD/AzureDataLake/ESS/IEP/Temp/IEP_Provider.QVD","IEP Provider HO State","AzureDbProdNIAADL","ESS","SUB812_PROVIDER_ADDRESS_NIAA","HO_ADDR.StateCode",NA,NA,"mapped-chained",1066
"01 ESS QVD Builder - IEP","lib://AppData/PROD/AzureDataLake/ESS/IEP/Temp/IEP_Provider.QVD","IEP Provider HO Post","AzureDbProdNIAADL","ESS","SUB812_PROVIDER_ADDRESS_NIAA","HO_ADDR.PostCode",NA,NA,"mapped-chained",1066
"01 ESS QVD Builder - IEP","lib://AppData/PROD/AzureDataLake/ESS/IEP/Temp/IEP_Provider.QVD","IEP Provider POST AddressLine1","AzureDbProdNIAADL","ESS","SUB812_PROVIDER_ADDRESS_NIAA","POST_ADDR.AddressLine1",NA,NA,"mapped-chained",1066
"01 ESS QVD Builder - IEP","lib://AppData/PROD/AzureDataLake/ESS/IEP/Temp/IEP_Provider.QVD","IEP Provider POST AddressLine2","AzureDbProdNIAADL","ESS","SUB812_PROVIDER_ADDRESS_NIAA","POST_ADDR.AddressLine2",NA,NA,"mapped-chained",1066
"01 ESS QVD Builder - IEP","lib://AppData/PROD/AzureDataLake/ESS/IEP/Temp/IEP_Provider.QVD","IEP Provider POST AddressLine3","AzureDbProdNIAADL","ESS","SUB812_PROVIDER_ADDRESS_NIAA","POST_ADDR.AddressLine3",NA,NA,"mapped-chained",1066
"01 ESS QVD Builder - IEP","lib://AppData/PROD/AzureDataLake/ESS/IEP/Temp/IEP_Provider.QVD","IEP Provider POST Locality","AzureDbProdNIAADL","ESS","SUB812_PROVIDER_ADDRESS_NIAA","POST_ADDR.Locality",NA,NA,"mapped-chained",1066
"01 ESS QVD Builder - IEP","lib://AppData/PROD/AzureDataLake/ESS/IEP/Temp/IEP_Provider.QVD","IEP Provider POST State","AzureDbProdNIAADL","ESS","SUB812_PROVIDER_ADDRESS_NIAA","POST_ADDR.StateCode",NA,NA,"mapped-chained",1066
"01 ESS QVD Builder - IEP","lib://AppData/PROD/AzureDataLake/ESS/IEP/Temp/IEP_Provider.QVD","IEP Provider POST Post","AzureDbProdNIAADL","ESS","SUB812_PROVIDER_ADDRESS_NIAA","POST_ADDR.PostCode",NA,NA,"mapped-chained",1066
"01 ESS QVD Builder - IEP","lib://AppData/PROD/AzureDataLake/ESS/IEP/Temp/IEP_Provider.QVD","IEP Provider Status Desc","AzureDbProdNIAADL",NA,NA,"ISNULL(YYS.LONG_DESC,'Unknown')",NA,NA,"expr-column",1066
"01 ESS QVD Builder - IEP","lib://AppData/PROD/AzureDataLake/ESS/IEP/Temp/CDP_Contract_Referral_Placement.QVD","CDP Contract Referral Placement Snapshot Date","AzureDbProdNIAADL",NA,NA,"$(vSNAPSHOT_DATE)",NA,NA,"expr-column",1069
"01 ESS QVD Builder - IEP","lib://AppData/PROD/AzureDataLake/ESS/IEP/Temp/CDP_Contract_Referral_Placement.QVD","_CDP Job Seeker to Contract Referral Placement Key","AzureDbProdNIAADL",NA,NA,"CONVERT(VARCHAR,CRP.JobSeekerId) + '|' + $(vSNAPSHOT_DATE)",NA,NA,"expr-column",1069
"01 ESS QVD Builder - IEP","lib://AppData/PROD/AzureDataLake/ESS/IEP/Temp/CDP_Contract_Referral_Placement.QVD","Contract Referral Job Seeker ID","AzureDbProdNIAADL","ESS","SUB801_CDP_CRP_HISTORY_NIAA","CRP.JobSeekerId",NA,NA,"mapped",1069
"01 ESS QVD Builder - IEP","lib://AppData/PROD/AzureDataLake/ESS/IEP/Temp/CDP_Contract_Referral_Placement.QVD","Contract Referral Placement Status","AzureDbProdNIAADL","ESS","SUB811_LOOKUP_ADW_CODE_NIAA","YSP.LONG_DESC",NA,NA,"mapped",1069
"01 ESS QVD Builder - IEP","lib://AppData/PROD/AzureDataLake/ESS/IEP/Temp/CDP_Contract_Referral_Placement.QVD","ROW_NUM","AzureDbProdNIAADL",NA,NA,"ROW_NUMBER() OVER(PARTITION BY CRP.JobSeekerId,CRP.PlacementDate,CRP.PlacementTypeCode ORDER BY CRP.EFFECTIVE_START_DATE DESC)",NA,NA,"expr-column",1069
"01 ESS QVD Builder - IEP","lib://AppData/PROD/AzureDataLake/ESS/IEP/Temp/CDP_Contract_Referral_Placement.QVD","Current Caseload Flag","AzureDbProdNIAADL",NA,NA,"CASE WHEN CRP.StatusCode IN ('COM','PND','SUS') THEN 'Yes' ELSE 'No' END",NA,NA,"expr-column",1069
"01 ESS QVD Builder - IEP","lib://AppData/PROD/AzureDataLake/ESS/IEP/Temp/CDP_Contract_Referral_Placement.QVD","Contract Placement Flag","AzureDbProdNIAADL",NA,NA,"Yes",NA,NA,"expr-column",1069
"01 ESS QVD Builder - IEP","lib://AppData/PROD/AzureDataLake/ESS/IEP/Temp/CDP_Contract_Referral_Placement.QVD","CDP Contract Referral Placement Row Counter","AzureDbProdNIAADL",NA,NA,"1",NA,NA,"expr-column",1069
"01 ESS QVD Builder - IEP","lib://AppData/PROD/AzureDataLake/ESS/IEP/Temp/CDP_Job_Seeker.QVD","CDP Job Seeker Extract Date","AzureDbProdNIAADL","ESS","SUB814_JOBSEEKER_NIAA","JS.[EXTRACT_DATE]",NA,NA,"parse-error",1072
"01 ESS QVD Builder - IEP","lib://AppData/PROD/AzureDataLake/ESS/IEP/Temp/CDP_Job_Seeker.QVD","CDP Job Seeker Snapshot Date","AzureDbProdNIAADL",NA,NA,"$(vSNAPSHOT_DATE)",NA,NA,"expr-column",1072
"01 ESS QVD Builder - IEP","lib://AppData/PROD/AzureDataLake/ESS/IEP/Temp/CDP_Job_Seeker.QVD","_CDP Job Seeker Key","AzureDbProdNIAADL",NA,NA,"CONVERT(VARCHAR,JS.[JOB_SEEKER_ID]) + '|' + $(vSNAPSHOT_DATE)",NA,NA,"parse-error",1072
"01 ESS QVD Builder - IEP","lib://AppData/PROD/AzureDataLake/ESS/IEP/Temp/CDP_Job_Seeker.QVD","_CDP Job Seeker to Contract Referral Placement Key","AzureDbProdNIAADL",NA,NA,"CONVERT(VARCHAR,JS.[JOB_SEEKER_ID]) + '|' + $(vSNAPSHOT_DATE)",NA,NA,"parse-error",1072
"01 ESS QVD Builder - IEP","lib://AppData/PROD/AzureDataLake/ESS/IEP/Temp/CDP_Job_Seeker.QVD","_CDP Job Seeker to Contract Referral Key","AzureDbProdNIAADL",NA,NA,"CONVERT(VARCHAR,JS.[JOB_SEEKER_ID]) + '|' + $(vSNAPSHOT_DATE)",NA,NA,"parse-error",1072
"01 ESS QVD Builder - IEP","lib://AppData/PROD/AzureDataLake/ESS/IEP/Temp/CDP_Job_Seeker.QVD","_CDP Job Seeker to JSCI Key","AzureDbProdNIAADL",NA,NA,"CONVERT(VARCHAR,JS.[JOB_SEEKER_ID]) + '|' + $(vSNAPSHOT_DATE)",NA,NA,"parse-error",1072
"01 ESS QVD Builder - IEP","lib://AppData/PROD/AzureDataLake/ESS/IEP/Temp/CDP_Job_Seeker.QVD","Job Seeker ID","AzureDbProdNIAADL","ESS","SUB814_JOBSEEKER_NIAA","JS.[JOB_SEEKER_ID]",NA,NA,"parse-error",1072
"01 ESS QVD Builder - IEP","lib://AppData/PROD/AzureDataLake/ESS/IEP/Temp/CDP_Job_Seeker.QVD","CRN","AzureDbProdNIAADL",NA,NA,"CRN",NA,NA,"mapped",1072
"01 ESS QVD Builder - IEP","lib://AppData/PROD/AzureDataLake/ESS/IEP/Temp/CDP_Job_Seeker.QVD","Birth Date","AzureDbProdNIAADL",NA,NA,"BIRTH_DATE",NA,NA,"mapped",1072
"01 ESS QVD Builder - IEP","lib://AppData/PROD/AzureDataLake/ESS/IEP/Temp/CDP_Job_Seeker.QVD","Gender Code","AzureDbProdNIAADL","ESS","SUB814_JOBSEEKER_NIAA","JS.GENDER_CD",NA,NA,"mapped",1072
"01 ESS QVD Builder - IEP","lib://AppData/PROD/AzureDataLake/ESS/IEP/Temp/CDP_Job_Seeker.QVD","Gender","AzureDbProdNIAADL","ESS","DIM_GENDER","GDR.Long_Desc",NA,NA,"mapped",1072
"01 ESS QVD Builder - IEP","lib://AppData/PROD/AzureDataLake/ESS/IEP/Temp/CDP_Job_Seeker.QVD","Job Seeker Name","AzureDbProdNIAADL",NA,NA,"ISNULL([GIVEN_NAME] + ' ','') + [SURNAME]",NA,NA,"parse-error",1072
"01 ESS QVD Builder - IEP","lib://AppData/PROD/AzureDataLake/ESS/IEP/Temp/CDP_Job_Seeker.QVD","Residential Community Code","AzureDbProdNIAADL",NA,NA,"RESIDENTIAL_COMMUNITY_CD",NA,NA,"mapped",1072
"01 ESS QVD Builder - IEP","lib://AppData/PROD/AzureDataLake/ESS/IEP/Temp/CDP_Job_Seeker.QVD","Residential Community","AzureDbProdNIAADL",NA,NA,"COALESCE(ccd.LONG_DESC,'UKN')",NA,NA,"expr-column",1072
"01 ESS QVD Builder - IEP","lib://AppData/PROD/AzureDataLake/ESS/IEP/Temp/CDP_Job_Seeker.QVD","Postal Community Code","AzureDbProdNIAADL",NA,NA,"POSTAL_COMMUNITY_CD",NA,NA,"mapped",1072
"01 ESS QVD Builder - IEP","lib://AppData/PROD/AzureDataLake/ESS/IEP/Temp/CDP_Job_Seeker.QVD","Postal Community","AzureDbProdNIAADL",NA,NA,"COALESCE(ccd_p.LONG_DESC,'UKN')",NA,NA,"expr-column",1072
"01 ESS QVD Builder - IEP","lib://AppData/PROD/AzureDataLake/ESS/IEP/Temp/CDP_Job_Seeker.QVD","Job Seeker Community Name","AzureDbProdNIAADL",NA,NA,"case when (JS.[RESIDENTIAL_COMMUNITY_CD] is null or JS.[RESIDENTIAL_COMMUNITY_CD] = 'UNK') then COALESCE(ccd.LONG_DESC,'UKN') else COALESCE(ccd_p.LONG_DESC,'UKN') end",NA,NA,"parse-error",1072
"01 ESS QVD Builder - IEP","lib://AppData/PROD/AzureDataLake/ESS/IEP/Temp/CDP_Job_Seeker.QVD","Indigenous Flag","AzureDbProdNIAADL","ESS","SUB837_CDP_DEN_JS_CHARACTERISTICS_NIAA","jsc.INDIGENOUS_IND",NA,NA,"mapped",1072
"01 ESS QVD Builder - IEP","lib://AppData/PROD/AzureDataLake/ESS/IEP/Temp/QVD_List.QVD","Table_Name",NA,NA,NA,NA,NA,NA,"expr-column",1074
"01 ESS QVD Builder - IEP","lib://AppData/PROD/AzureDataLake/ESS/IEP/Temp/QVD_List.QVD","QVD_Path",NA,NA,NA,NA,NA,NA,"expr-column",1074
