"qvd_path_raw","qvd_field","db_schema","db_table","db_column","status","source_db_captured"
"ESS/CDP/Remote Employment Organisation Indigeneity.QVD","Organisation Code","ESS","Remote Employment Organisation Indigeneity","Organisation Code","mapped",""
"ESS/CDP/Remote Employment Organisation Indigeneity.QVD","Organisation Name","ESS","Remote Employment Organisation Indigeneity","Organisation Name","mapped",""
"ESS/CDP/Remote Employment Organisation Indigeneity.QVD","Is Indigenous","ESS","Remote Employment Organisation Indigeneity","Is Indigenous","mapped",""
"ESS/CDP/Remote Employment Organisation Indigeneity.QVD","Organisational Indigeneity","ESS","Remote Employment Organisation Indigeneity","Organisational Indigeneity","mapped",""
"ESS/CDP/Remote Employment Organisation Indigeneity.QVD","Organisational Indigeneity Evidence","ESS","Remote Employment Organisation Indigeneity","Organisational Indigeneity Evidence","mapped",""
"ESS/CDP/Remote Employment Organisation Indigeneity.QVD","First Nations Owned Proportion","ESS","Remote Employment Organisation Indigeneity","First Nations Owned Proportion","mapped",""
"ESS/CDP/Remote Employment Organisation Indigeneity.QVD","First Nations Controlled Proportion","ESS","Remote Employment Organisation Indigeneity","First Nations Controlled Proportion","mapped",""
"ESS/CDP/Remote Employment Organisation Indigeneity.QVD","First Nations Employees Proportion","ESS","Remote Employment Organisation Indigeneity","First Nations Employees Proportion","mapped",""
"ESS/CDP/Remote Employment Organisation Indigeneity.QVD","Not For Profit Evidence","ESS","Remote Employment Organisation Indigeneity","Not For Profit Evidence","mapped",""
"ESS/CDP/Remote Employment Organisation Indigeneity.QVD","Delivery Partners Comment","ESS","Remote Employment Organisation Indigeneity","Delivery Partners Comment","mapped",""
"NACCHO/Member Name Locations.qvd","NACCHO Member Name","NACCHO","Member Name Locations","NACCHO Member Name","mapped","AZDB-ZEA-PRD-NIAADL01"
"NACCHO/Member Name Locations.qvd","Address","NACCHO","Member Name Locations","Address","mapped","AZDB-ZEA-PRD-NIAADL01"
"NACCHO/Member Name Locations.qvd","City/Suburb","NACCHO","Member Name Locations","City/Suburb","mapped","AZDB-ZEA-PRD-NIAADL01"
"NACCHO/Member Name Locations.qvd","State","NACCHO","Member Name Locations","State","mapped","AZDB-ZEA-PRD-NIAADL01"
"NACCHO/Member Name Locations.qvd","Latitude","NACCHO","Member Name Locations","Latitude","mapped","AZDB-ZEA-PRD-NIAADL01"
"NACCHO/Member Name Locations.qvd","Longitude","NACCHO","Member Name Locations","Longitude","mapped","AZDB-ZEA-PRD-NIAADL01"
"NACCHO/Member Name Locations.qvd","Address Url For Geocode Succeess Level","NACCHO","Member Name Locations","Address Url For Geocode Succeess Level","mapped","AZDB-ZEA-PRD-NIAADL01"
"NACCHO/Member Name Locations.qvd","Mesh Block Code 2016","NACCHO","Member Name Locations","Mesh Block Code 2016","mapped","AZDB-ZEA-PRD-NIAADL01"
"NACCHO/Member Name Locations.qvd","Mesh Block Code 2021","NACCHO","Member Name Locations","Mesh Block Code 2021","mapped","AZDB-ZEA-PRD-NIAADL01"
"DataCatalogue/DLColumnDataTypes.QVD","User Type Key","","","CONCAT('AZDB-AUE-PRD-NIAADL01', '|', t.user_type_id)","expr-column","AZDB-AUE-PRD-NIAADL01"
"DataCatalogue/DLColumnDataTypes.QVD","Data Type","sys","types","name","mapped","AZDB-AUE-PRD-NIAADL01"
"DataCatalogue/DLColumns.QVD","Object Key","","","CONCAT('AZDB-AUE-PRD-NIAADL01', '|', c.object_id)","expr-column","AZDB-AUE-PRD-NIAADL01"
"DataCatalogue/DLColumns.QVD","Column Key","","","CONCAT('AZDB-AUE-PRD-NIAADL01', '|', c.column_id)","expr-column","AZDB-AUE-PRD-NIAADL01"
"DataCatalogue/DLColumns.QVD","Table Key Assoc Key","","","CONCAT('AZDB-AUE-PRD-NIAADL01', '|', c.object_id, '|', c.column_id)","multi-source","AZDB-AUE-PRD-NIAADL01"
"DataCatalogue/DLColumns.QVD","User Type Key","","","CONCAT('AZDB-AUE-PRD-NIAADL01', '|', c.user_type_id)","expr-column","AZDB-AUE-PRD-NIAADL01"
"DataCatalogue/DLColumns.QVD","Column Name","sys","all_columns","name","mapped","AZDB-AUE-PRD-NIAADL01"
"DataCatalogue/DLColumns.QVD","Nullable","","","CASE WHEN c.is_nullable = 0 THEN 'N' ELSE 'Y' END","expr-column","AZDB-AUE-PRD-NIAADL01"
"DataCatalogue/DLColumns.QVD","Column Max Length","sys","all_columns","max_length","mapped","AZDB-AUE-PRD-NIAADL01"
"DataCatalogue/DLColumns.QVD","Column Precision","sys","all_columns","precision","mapped","AZDB-AUE-PRD-NIAADL01"
"DataCatalogue/DLColumns.QVD","Column Description","","","CAST(ep.value AS NVARCHAR(4000))","expr-column","AZDB-AUE-PRD-NIAADL01"
"DataCatalogue/DLSchemas.QVD","Schema Key","","","CONCAT('AZDB-AUE-PRD-NIAADL01', '|', s.schema_id)","expr-column","AZDB-AUE-PRD-NIAADL01"
"DataCatalogue/DLSchemas.QVD","Schema Name","sys","schemas","name","mapped","AZDB-AUE-PRD-NIAADL01"
"NIAA/NIAA Site 2023.qvd","Site Id","NIAA","NIAA Site 2023","NIAA_Site_Id","mapped","AZDB-ZEA-PRD-NIAADL01"
"NIAA/NIAA Site 2023.qvd","Office Name","NIAA","NIAA Site 2023","Office_Name","mapped","AZDB-ZEA-PRD-NIAADL01"
"NIAA/NIAA Site 2023.qvd","Region Name","NIAA","NIAA Site 2023","Region_Name","mapped","AZDB-ZEA-PRD-NIAADL01"
"NIAA/NIAA Site 2023.qvd","Region Code","NIAA","NIAA Site 2023","Region","mapped","AZDB-ZEA-PRD-NIAADL01"
"NIAA/NIAA Site 2023.qvd","State","NIAA","NIAA Site 2023","State","mapped","AZDB-ZEA-PRD-NIAADL01"
"NIAA/NIAA Site 2023.qvd","Site Type","NIAA","NIAA Site 2023","Regional_Remote_Site","mapped","AZDB-ZEA-PRD-NIAADL01"
"NIAA/NIAA Site 2023.qvd","Physical Address","NIAA","NIAA Site 2023","Current_Office_Physical_Location","mapped","AZDB-ZEA-PRD-NIAADL01"
"NIAA/NIAA Site 2023.qvd","Location Notes","NIAA","NIAA Site 2023","Office_Location_Notes","mapped","AZDB-ZEA-PRD-NIAADL01"
"NIAA/NIAA Site 2023.qvd","Occupancy Arrangement","NIAA","NIAA Site 2023","Office_Occupancy_Arrangement","mapped","AZDB-ZEA-PRD-NIAADL01"
"NIAA/NIAA Site 2023.qvd","Mailing Address","NIAA","NIAA Site 2023","Office_Mailing_Address","mapped","AZDB-ZEA-PRD-NIAADL01"
"NIAA/NIAA Site 2023.qvd","Comments","NIAA","NIAA Site 2023","Comments","mapped","AZDB-ZEA-PRD-NIAADL01"
"NIAA/NIAA Site 2023.qvd","Latitude","NIAA","NIAA Site 2023","Latitude","mapped","AZDB-ZEA-PRD-NIAADL01"
"NIAA/NIAA Site 2023.qvd","Longitude","NIAA","NIAA Site 2023","Longitude","mapped","AZDB-ZEA-PRD-NIAADL01"
"NIAA/NIAA Site 2023.qvd","NIAA Site Location","","","geomakepoint (Longitude, Latitude)","multi-source","AZDB-ZEA-PRD-NIAADL01"
"NIAA/NIAA Site 2023.qvd","Aurion Location Code","NIAA","NIAA Site 2023","Aurion_Location_Code","mapped","AZDB-ZEA-PRD-NIAADL01"
"NIAA/NIAA Site 2023.qvd","Mesh Block Code 2021","NIAA","NIAA Site 2023","Mesh_Block_Code_2021","mapped","AZDB-ZEA-PRD-NIAADL01"
"ORIC/ORIC Corporations.qvd","ORIC ID","DGOV","ORIC_AboriginalAndTorresStraitIslanderCorporations","_id","mapped","AZDB-ZEA-PRD-NIAADL01"
"ORIC/ORIC Corporations.qvd","ICN","DGOV","ORIC_AboriginalAndTorresStraitIslanderCorporations","ICN","mapped","AZDB-ZEA-PRD-NIAADL01"
"ORIC/ORIC Corporations.qvd","ORIC Corporation","DGOV","ORIC_AboriginalAndTorresStraitIslanderCorporations","Corporation","mapped","AZDB-ZEA-PRD-NIAADL01"
"ORIC/ORIC Corporations.qvd","ORIC Incorporation Date","DGOV","ORIC_AboriginalAndTorresStraitIslanderCorporations","Incorporation Date","mapped","AZDB-ZEA-PRD-NIAADL01"
"ORIC/ORIC Corporations.qvd","ORIC Status","DGOV","ORIC_AboriginalAndTorresStraitIslanderCorporations","Status","mapped","AZDB-ZEA-PRD-NIAADL01"
"ORIC/ORIC Corporations.qvd","ORIC Status Date","DGOV","ORIC_AboriginalAndTorresStraitIslanderCorporations","Status Date","mapped","AZDB-ZEA-PRD-NIAADL01"
"ORIC/ORIC Corporations.qvd","ORIC Size","DGOV","ORIC_AboriginalAndTorresStraitIslanderCorporations","Size","mapped","AZDB-ZEA-PRD-NIAADL01"
"ORIC/ORIC Corporations.qvd","ABN","DGOV","ORIC_AboriginalAndTorresStraitIslanderCorporations","ABN","mapped","AZDB-ZEA-PRD-NIAADL01"
"ORIC/ORIC Corporations.qvd","ORIC State","DGOV","ORIC_AboriginalAndTorresStraitIslanderCorporations","State","mapped","AZDB-ZEA-PRD-NIAADL01"
"ORIC/ORIC Corporations.qvd","ORIC Post Code","DGOV","ORIC_AboriginalAndTorresStraitIslanderCorporations","Post Code","mapped","AZDB-ZEA-PRD-NIAADL01"
"ORIC/ORIC Corporations.qvd","ORIC Locality","DGOV","ORIC_AboriginalAndTorresStraitIslanderCorporations","Locality","mapped","AZDB-ZEA-PRD-NIAADL01"
"ORIC/ORIC Corporations.qvd","ORIC Industry","DGOV","ORIC_AboriginalAndTorresStraitIslanderCorporations","Industry","mapped","AZDB-ZEA-PRD-NIAADL01"
"ORIC/ORIC Corporations.qvd","ORIC ACNC Registered?","DGOV","ORIC_AboriginalAndTorresStraitIslanderCorporations","ACNC Registered?","mapped","AZDB-ZEA-PRD-NIAADL01"
"ORIC/ORIC Corporations.qvd","ORIC Number of Members","DGOV","ORIC_AboriginalAndTorresStraitIslanderCorporations","Numbe of Members","mapped","AZDB-ZEA-PRD-NIAADL01"
"ORIC/ORIC Corporations.qvd","ORIC Number of Directors","DGOV","ORIC_AboriginalAndTorresStraitIslanderCorporations","Numbe of Directors","mapped","AZDB-ZEA-PRD-NIAADL01"
"ORIC/ORIC Corporations.qvd","ORIC Total Income 2019/20","DGOV","ORIC_AboriginalAndTorresStraitIslanderCorporations","Total Income 2019/20","mapped","AZDB-ZEA-PRD-NIAADL01"
"ORIC/ORIC Corporations.qvd","ORIC Total Assets 2019/20","DGOV","ORIC_AboriginalAndTorresStraitIslanderCorporations","Total Assets 2019/20","mapped","AZDB-ZEA-PRD-NIAADL01"
"ORIC/ORIC Corporations.qvd","ORIC Number of Employees 2019/20","DGOV","ORIC_AboriginalAndTorresStraitIslanderCorporations","Number of Employees 2019/20","mapped","AZDB-ZEA-PRD-NIAADL01"
"ORIC/ORIC Corporations.qvd","ORIC Total Income 2020/21","DGOV","ORIC_AboriginalAndTorresStraitIslanderCorporations","Total Income 2020/21","mapped","AZDB-ZEA-PRD-NIAADL01"
"ORIC/ORIC Corporations.qvd","ORIC Total Assets 2020/21","DGOV","ORIC_AboriginalAndTorresStraitIslanderCorporations","Total Assets 2020/21","mapped","AZDB-ZEA-PRD-NIAADL01"
"ORIC/ORIC Corporations.qvd","ORIC Number of Employees 2020/21","DGOV","ORIC_AboriginalAndTorresStraitIslanderCorporations","Number of Employees 2020/21","mapped","AZDB-ZEA-PRD-NIAADL01"
"ORIC/ORIC Corporations.qvd","ORIC Total Income 2021/22","DGOV","ORIC_AboriginalAndTorresStraitIslanderCorporations","Total Income 2021/22","mapped","AZDB-ZEA-PRD-NIAADL01"
"ORIC/ORIC Corporations.qvd","ORIC Total Assets 2021/22","DGOV","ORIC_AboriginalAndTorresStraitIslanderCorporations","Total Assets 2021/22","mapped","AZDB-ZEA-PRD-NIAADL01"
"ORIC/ORIC Corporations.qvd","ORIC Number of Employees 2021/22","DGOV","ORIC_AboriginalAndTorresStraitIslanderCorporations","Number of Employees 2021/22","mapped","AZDB-ZEA-PRD-NIAADL01"
"ORIC/ORIC Corporations.qvd","ORIC URL","DGOV","ORIC_AboriginalAndTorresStraitIslanderCorporations","URL","mapped","AZDB-ZEA-PRD-NIAADL01"
