"app_id","app_name","line","onprem_qvd","status","cloud_target","note"
"local:01-qvd-generator-inphinity-forms","01 QVD Generator - Inphinity Forms","83","[lib://AppDataProd/AzureDataLake/$(vSchema)/$(vTable).QVD]","out-of-scope","","unclassified lib:// occurrence (no FROM/DIRECTORY context)"
"local:01-qvd-generator-inphinity-forms","01 QVD Generator - Inphinity Forms","84","[lib://AppDataProd/AzureDataLake/$(vSchema)/$(vTable).QVD]","out-of-scope","","unclassified lib:// occurrence (no FROM/DIRECTORY context)"
"local:01s-ess-qvd-builder-iep","01s ESS QVD Builder - IEP","51","LIB://AppData/PROD/AzureDataLake/ESS/IEP/;","out-of-scope","","unbracketed lib:// span, not attached to DIRECTORY or FROM"
"local:02-ess-qvd-builder-finalisation-cdp-iep","02 ESS QVD Builder Finalisation CDP & IEP","48","LIB://AppData/PROD/AzureDataLake/ESS/CDP/Temp/Error.QVD(QVD);","out-of-scope","","unbracketed lib:// span, not attached to DIRECTORY or FROM"
"local:02-ess-qvd-builder-finalisation-cdp-iep","02 ESS QVD Builder Finalisation CDP & IEP","55","[lib://AppData/PROD/AzureDataLake/ESS/IEP/Temp/QVD_List.QVD]","not-in-map","",""
"local:02-ess-qvd-builder-finalisation-cdp-iep","02 ESS QVD Builder Finalisation CDP & IEP","60","[lib://AppData/PROD/AzureDataLake/ESS/CDP/Temp/QVD_List*.QVD]","not-in-map","",""
"local:02s-ess-qvd-builder-finalisation-snapshot","02s ESS QVD Builder Finalisation - Snapshot","41","[lib://AppData/PROD/AzureDataLake/ESS/IEP/Snapshots/Temp/QVD_List.QVD]","not-in-map","",""
"7862b8ac-75fd-40a5-86b4-e91124882e67","05 - Grant Acquittals Report","46","[lib://Curated Data Store:DataFiles/10 Landing Area/GPS/Data Warehouse Load Time.qvd]","already-mapped","",""
"7862b8ac-75fd-40a5-86b4-e91124882e67","05 - Grant Acquittals Report","55","[lib://Curated Data Store:DataFiles/10 Landing Area/FUSION/Grant Activity.qvd]","already-mapped","",""
"7862b8ac-75fd-40a5-86b4-e91124882e67","05 - Grant Acquittals Report","64","[lib://Curated Data Store:DataFiles/10 Landing Area/FUSION/Grant Activity Funding.qvd]","already-mapped","",""
"7862b8ac-75fd-40a5-86b4-e91124882e67","05 - Grant Acquittals Report","71","[lib://Curated Data Store:DataFiles/10 Landing Area/FUSION/Financial Year.qvd]","already-mapped","",""
"7862b8ac-75fd-40a5-86b4-e91124882e67","05 - Grant Acquittals Report","131","[lib://Curated Data Store:DataFiles/10 Landing Area/GPS/Grant Activity Acquittal.qvd]","already-mapped","",""
"7862b8ac-75fd-40a5-86b4-e91124882e67","05 - Grant Acquittals Report","162","[lib://Curated Data Store:DataFiles/10 Landing Area/GPS/Grant Activity Acquittal Item.qvd]","already-mapped","",""
"7862b8ac-75fd-40a5-86b4-e91124882e67","05 - Grant Acquittals Report","257","[lib://Curated Data Store:DataFiles/10 Landing Area/FUSION/Grant Activity.qvd]","already-mapped","",""
"7862b8ac-75fd-40a5-86b4-e91124882e67","05 - Grant Acquittals Report","264","[lib://Curated Data Store:DataFiles/10 Landing Area/FUSION/Source Organisation.qvd]","already-mapped","",""
"7862b8ac-75fd-40a5-86b4-e91124882e67","05 - Grant Acquittals Report","276","[lib://Curated Data Store:DataFiles/10 Landing Area/FUSION/Organisation.qvd]","already-mapped","",""
"7862b8ac-75fd-40a5-86b4-e91124882e67","05 - Grant Acquittals Report","283","[lib://Curated Data Store:DataFiles/10 Landing Area/FUSION/Programme.qvd]","already-mapped","",""
"7862b8ac-75fd-40a5-86b4-e91124882e67","05 - Grant Acquittals Report","292","[lib://Curated Data Store:DataFiles/10 Landing Area/FUSION/Programme Component.qvd]","already-mapped","",""
"7862b8ac-75fd-40a5-86b4-e91124882e67","05 - Grant Acquittals Report","301","[lib://Curated Data Store:DataFiles/10 Landing Area/FUSION/Grant Activity Funding.qvd]","already-mapped","",""
"7862b8ac-75fd-40a5-86b4-e91124882e67","05 - Grant Acquittals Report","308","[lib://Curated Data Store:DataFiles/10 Landing Area/FUSION/Financial Year.qvd]","already-mapped","",""
"7862b8ac-75fd-40a5-86b4-e91124882e67","05 - Grant Acquittals Report","399","[lib://Curated Data Store:DataFiles/10 Landing Area/FUSION/Grant Activity.qvd]","already-mapped","",""
"7862b8ac-75fd-40a5-86b4-e91124882e67","05 - Grant Acquittals Report","406","[lib://Curated Data Store:DataFiles/10 Landing Area/FUSION/Source System.qvd]","already-mapped","",""
"7862b8ac-75fd-40a5-86b4-e91124882e67","05 - Grant Acquittals Report","449","[lib://Curated Data Store:DataFiles/10 Landing Area/FUSION/PMC Region.qvd]","already-mapped","",""
"7862b8ac-75fd-40a5-86b4-e91124882e67","05 - Grant Acquittals Report","471","[lib://Curated Data Store:DataFiles/10 Landing Area/FUSION/PMC Region.qvd]","already-mapped","",""
"7862b8ac-75fd-40a5-86b4-e91124882e67","05 - Grant Acquittals Report","531","[lib://Curated Data Store:DataFiles/10 Landing Area/GPS/Grant Activity Milestone - Old.qvd]","already-mapped","","depends-on-variable: vDaysoverdue"
"7862b8ac-75fd-40a5-86b4-e91124882e67","05 - Grant Acquittals Report","554","[lib://Curated Data Store:DataFiles/10 Landing Area/GPS/Milestone Overdue Month.qvd]","already-mapped","",""
"7862b8ac-75fd-40a5-86b4-e91124882e67","05 - Grant Acquittals Report","565","[lib://Curated Data Store:DataFiles/10 Landing Area/GPS/Grant Activity Acquittal Error.qvd]","already-mapped","",""
"bd86831a-0695-41d8-a907-c3a3e413d845","05 - Grant Acquittals Report","21","// directory lib://AppData/DEV/AzureDataLake/GPS/;","commented","",""
"bd86831a-0695-41d8-a907-c3a3e413d845","05 - Grant Acquittals Report","22","LIB://AppDataProd/AzureDataLake/GPS/;","directory-statement","",""
"bd86831a-0695-41d8-a907-c3a3e413d845","05 - Grant Acquittals Report","53","[lib://AppDataProd/AzureDataLake/GPS/GPS Data Warehouse Load Time.qvd]","retargeted","[lib://Curated Data Store:DataFiles/10 Landing Area/GPS/Data Warehouse Load Time.qvd]",""
"bd86831a-0695-41d8-a907-c3a3e413d845","05 - Grant Acquittals Report","59","[lib://AppDataProd/AzureDataLake/FUSION/Grant Activity.qvd]","retargeted","[lib://Curated Data Store:DataFiles/10 Landing Area/FUSION/Grant Activity.qvd]",""
"bd86831a-0695-41d8-a907-c3a3e413d845","05 - Grant Acquittals Report","68","[lib://AppData/PROD\AzureDataLake\FUSION\Grant Activity Funding.qvd]","retargeted","[lib://Curated Data Store:DataFiles/10 Landing Area/FUSION/Grant Activity Funding.qvd]",""
"bd86831a-0695-41d8-a907-c3a3e413d845","05 - Grant Acquittals Report","75","[lib://AppData/PROD/AzureDataLake/FUSION/Financial Year.qvd]","retargeted","[lib://Curated Data Store:DataFiles/10 Landing Area/FUSION/Financial Year.qvd]",""
"bd86831a-0695-41d8-a907-c3a3e413d845","05 - Grant Acquittals Report","130","[lib://AppData\PROD\AzureDataLake\GPS\Grant Activity Acquittal.qvd]","retargeted","[lib://Curated Data Store:DataFiles/10 Landing Area/GPS/Grant Activity Acquittal.qvd]",""
"bd86831a-0695-41d8-a907-c3a3e413d845","05 - Grant Acquittals Report","177","[lib://AppData/PROD/AzureDataLake/GPS/Grant Activity Acquittal Item.qvd]","retargeted","[lib://Curated Data Store:DataFiles/10 Landing Area/GPS/Grant Activity Acquittal Item.qvd]",""
"bd86831a-0695-41d8-a907-c3a3e413d845","05 - Grant Acquittals Report","277","[lib://AppDataProd/AzureDataLake/FUSION/Grant Activity.qvd]","retargeted","[lib://Curated Data Store:DataFiles/10 Landing Area/FUSION/Grant Activity.qvd]",""
"bd86831a-0695-41d8-a907-c3a3e413d845","05 - Grant Acquittals Report","298","[lib://AppDataProd/AzureDataLake/FUSION/Source Organisation.qvd]","retargeted","[lib://Curated Data Store:DataFiles/10 Landing Area/FUSION/Source Organisation.qvd]",""
"bd86831a-0695-41d8-a907-c3a3e413d845","05 - Grant Acquittals Report","324","[lib://AppDataProd/AzureDataLake/FUSION/Organisation.qvd]","retargeted","[lib://Curated Data Store:DataFiles/10 Landing Area/FUSION/Organisation.qvd]",""
"bd86831a-0695-41d8-a907-c3a3e413d845","05 - Grant Acquittals Report","331","[lib://AppData/PROD\AzureDataLake\FUSION\Programme.qvd]","retargeted","[lib://Curated Data Store:DataFiles/10 Landing Area/FUSION/Programme.qvd]",""
"bd86831a-0695-41d8-a907-c3a3e413d845","05 - Grant Acquittals Report","348","[lib://AppData/PROD\AzureDataLake\FUSION\Programme Component.qvd]","retargeted","[lib://Curated Data Store:DataFiles/10 Landing Area/FUSION/Programme Component.qvd]",""
"bd86831a-0695-41d8-a907-c3a3e413d845","05 - Grant Acquittals Report","356","[lib://AppData/PROD/AzureDataLake/SSR/RGU Staff.qvd]","not-in-map","",""
"bd86831a-0695-41d8-a907-c3a3e413d845","05 - Grant Acquittals Report","369","[lib://AppData/PROD\AzureDataLake\FUSION\Grant Activity Funding.qvd]","retargeted","[lib://Curated Data Store:DataFiles/10 Landing Area/FUSION/Grant Activity Funding.qvd]",""
"bd86831a-0695-41d8-a907-c3a3e413d845","05 - Grant Acquittals Report","376","[lib://AppData/PROD/AzureDataLake/FUSION/Financial Year.qvd]","retargeted","[lib://Curated Data Store:DataFiles/10 Landing Area/FUSION/Financial Year.qvd]",""
"bd86831a-0695-41d8-a907-c3a3e413d845","05 - Grant Acquittals Report","506","[lib://AppData/PROD/AzureDataLake/GPS/Grant Managing Region.qvd]","multi-source","","FUSION/Grant Activity; FUSION/Source System; NA/NA"
"bd86831a-0695-41d8-a907-c3a3e413d845","05 - Grant Acquittals Report","530","[lib://AppDataProd/AzureDataLake/FUSION/PMC Region.qvd]","retargeted","[lib://Curated Data Store:DataFiles/10 Landing Area/FUSION/PMC Region.qvd]",""
"bd86831a-0695-41d8-a907-c3a3e413d845","05 - Grant Acquittals Report","541","[lib://AppDataProd/AzureDataLake/FUSION/PMC Region.qvd]","retargeted","[lib://Curated Data Store:DataFiles/10 Landing Area/FUSION/PMC Region.qvd]",""
"bd86831a-0695-41d8-a907-c3a3e413d845","05 - Grant Acquittals Report","588","[lib://AppData/PROD/AzureDataLake/SSR/Grant Activity Milestone.qvd]","retargeted","[lib://Curated Data Store:DataFiles/10 Landing Area/GPS/Grant Activity Milestone - Old.qvd]","depends-on-variable: vDaysoverdue"
"bd86831a-0695-41d8-a907-c3a3e413d845","05 - Grant Acquittals Report","609","[lib://AppData/PROD/AzureDataLake/SSR/Milestone Overdue Month.qvd]","retargeted","[lib://Curated Data Store:DataFiles/10 Landing Area/GPS/Milestone Overdue Month.qvd]",""
"bd86831a-0695-41d8-a907-c3a3e413d845","05 - Grant Acquittals Report","620","[lib://AppData/PROD/AzureDataLake/GPS/Grant Activity Acquittal Error.qvd]","retargeted","[lib://Curated Data Store:DataFiles/10 Landing Area/GPS/Grant Activity Acquittal Error.qvd]",""
"local:aurion-qvd-generator","AURION QVD Generator","106","[lib://AppData\PROD\AzureDataLake\AURION\Organisation Staff.qvd]","out-of-scope","","unclassified lib:// occurrence (no FROM/DIRECTORY context)"
"local:aurion-qvd-generator","AURION QVD Generator","109","//STORE [Grant Activity] into [lib://AppData\PROD\AzureDataLake\GPS\Grant Activity.csv] (txt);","commented","",""
"local:aurion-qvd-generator","AURION QVD Generator","164","[lib://AppData\PROD\AzureDataLake\AURION\NIAA Site Locations.qvd]","out-of-scope","","unclassified lib:// occurrence (no FROM/DIRECTORY context)"
"b2fedbec-fdb7-4f73-9d97-c58f2dfe902e","AZURE QVD Generator","230","[lib://AppData\$(Env)\$(AppName)\$(Process)\$(TableName).qvd]","out-of-scope","","unclassified lib:// occurrence (no FROM/DIRECTORY context)"
"b2fedbec-fdb7-4f73-9d97-c58f2dfe902e","AZURE QVD Generator","231","[lib://AppData\$(Env)\$(AppName)\$(Process)\csv\$(TableName).csv]","out-of-scope","","unclassified lib:// occurrence (no FROM/DIRECTORY context)"
"b2fedbec-fdb7-4f73-9d97-c58f2dfe902e","AZURE QVD Generator","405","[lib://AppData\$(Env)\$(AppName)\$(Process)\$(TableName).qvd]","out-of-scope","","unclassified lib:// occurrence (no FROM/DIRECTORY context)"
"b2fedbec-fdb7-4f73-9d97-c58f2dfe902e","AZURE QVD Generator","406","[lib://AppData\$(Env)\$(AppName)\$(Process)\csv\$(TableName).csv]","out-of-scope","","unclassified lib:// occurrence (no FROM/DIRECTORY context)"
"local:bushel-qvd-builder","Bushel QVD Builder","83","[lib://AppDataProd/AzureDataLake/$(vSchema)/$(vTable).QVD]","out-of-scope","","unclassified lib:// occurrence (no FROM/DIRECTORY context)"
"local:bushel-qvd-builder","Bushel QVD Builder","84","[lib://AppDataProd/AzureDataLake/$(vSchema)/$(vTable).QVD]","out-of-scope","","unclassified lib:// occurrence (no FROM/DIRECTORY context)"
"c181957a-a6c8-4ad2-b10c-28eacb96089e","Community Profile Nprint(3)","109","[lib://Curated Data Store - DEV:DataFiles/10 Landing Area/AGIL/AGIL Location.qvd]","already-mapped","",""
"c181957a-a6c8-4ad2-b10c-28eacb96089e","Community Profile Nprint(3)","122","// FROM [lib://AppDataProd/AzureDataLake/NIAA/AGIL_Connectivity.qvd]","commented","",""
"c181957a-a6c8-4ad2-b10c-28eacb96089e","Community Profile Nprint(3)","131","[lib://Curated Data Store:DataFiles/30 Curated Data Store/Geospatial Reporting/*.qvd]","geospatial","",""
"c181957a-a6c8-4ad2-b10c-28eacb96089e","Community Profile Nprint(3)","135","//	FROM [lib://Data Preparation - DEV:DataFiles/30 Curated Data Store/Funding Decision/*.qvd] (qvd);","commented","",""
"c181957a-a6c8-4ad2-b10c-28eacb96089e","Community Profile Nprint(3)","137","[lib://Curated Data Store - DEV:DataFiles/30 Curated Data Store/Economic Indicators/*.qvd]","already-mapped","",""
"c181957a-a6c8-4ad2-b10c-28eacb96089e","Community Profile Nprint(3)","141","[lib://Curated Data Store:DataFiles/30 Curated Data Store/Grant Management/*.qvd]","already-mapped","",""
"c181957a-a6c8-4ad2-b10c-28eacb96089e","Community Profile Nprint(3)","159","//	FROM [lib://AppDataProd/Geospatial/ATSI Language.qvd] (qvd);","commented","",""
"c181957a-a6c8-4ad2-b10c-28eacb96089e","Community Profile Nprint(3)","176","//	FROM [lib://Curated Data Store - DEV:DataFiles/10 Landing Area/AIATSIS/AUSTLANG_vw.qvd] (qvd);","commented","",""
"c181957a-a6c8-4ad2-b10c-28eacb96089e","Community Profile Nprint(3)","192","// FROM [lib://Curated Data Store - DEV:DataFiles/10 Landing Area/abs/IARE_2021Census_I01A_Long.qvd]","commented","",""
"c181957a-a6c8-4ad2-b10c-28eacb96089e","Community Profile Nprint(3)","640","// FROM [lib://Curated Data Store - DEV:DataFiles/30 Curated Data Store/Geospatial Reporting/ASGS/Indigenous Location 2021.qvd]","commented","",""
"c181957a-a6c8-4ad2-b10c-28eacb96089e","Community Profile Nprint(3)","653","// FROM [lib://Curated Data Store - DEV:DataFiles/30 Curated Data Store/Geospatial Reporting/ASGS/Indigenous Area 2021.qvd]","commented","",""
"c181957a-a6c8-4ad2-b10c-28eacb96089e","Community Profile Nprint(3)","666","// FROM [lib://Curated Data Store - DEV:DataFiles/30 Curated Data Store/Geospatial Reporting/ASGS/Indigenous Region 2021.qvd]","commented","",""
"c181957a-a6c8-4ad2-b10c-28eacb96089e","Community Profile Nprint(3)","676","// FROM [lib://AppDataProd/Geospatial/STATE 2016.qvd]","commented","",""
"c181957a-a6c8-4ad2-b10c-28eacb96089e","Community Profile Nprint(3)","685","[lib://Curated Data Store - DEV:DataFiles/10 Landing Area/abs/Selected Person Characteristics by Indigenous Status by Sex.qvd]","already-mapped","",""
"c181957a-a6c8-4ad2-b10c-28eacb96089e","Community Profile Nprint(3)","690","//	FROM [lib://AppDataProd/AzureDataLake/ABS/2021 Census Datapacks x ILOC.qvd] (qvd);","commented","",""
"c181957a-a6c8-4ad2-b10c-28eacb96089e","Community Profile Nprint(3)","764","[lib://Data Preparation - DEV:DataFiles/10 Landing Area/FUSION/Grant Activity Location.qvd]","out-of-scope","",""
"c181957a-a6c8-4ad2-b10c-28eacb96089e","Community Profile Nprint(3)","776","[lib://AppData/PROD\AzureDataLake\FUSION\Grant Activity Location Attribution.qvd]","retargeted","[lib://Curated Data Store:DataFiles/10 Landing Area/FUSION/Grant Activity Location Attribution.qvd]",""
"c181957a-a6c8-4ad2-b10c-28eacb96089e","Community Profile Nprint(3)","995","[lib://AppDataProd/Geospatial/SA1 2021 - ILOC 2021.qvd]","geospatial","",""
"c181957a-a6c8-4ad2-b10c-28eacb96089e","Community Profile Nprint(3)","1020","[lib://AppDataProd/Geospatial/MB 2021.qvd]","geospatial","",""
"c181957a-a6c8-4ad2-b10c-28eacb96089e","Community Profile Nprint(3)","1044","[lib://AppDataProd/Geospatial/SA2 2021.qvd]","geospatial","",""
"c181957a-a6c8-4ad2-b10c-28eacb96089e","Community Profile Nprint(3)","1058","[lib://AppData/PROD/Geospatial/NIAA Region 2024.qvd]","geospatial","",""
"c181957a-a6c8-4ad2-b10c-28eacb96089e","Community Profile Nprint(3)","1067","[lib://AppData/PROD/Geospatial/NIAA Subregion 2024.qvd]","geospatial","",""
"c181957a-a6c8-4ad2-b10c-28eacb96089e","Community Profile Nprint(3)","1076","[lib://AppData/PROD/Geospatial/ILOC 2021 - NIAA Subregion 2024.qvd]","geospatial","",""
"c181957a-a6c8-4ad2-b10c-28eacb96089e","Community Profile Nprint(3)","1087","// FROM [lib://AppDataProd/Geospatial/NIAA Region 2022.qvd]","commented","",""
"c181957a-a6c8-4ad2-b10c-28eacb96089e","Community Profile Nprint(3)","1096","// FROM [lib://AppDataProd/Geospatial/NIAA Subregion 2022.qvd]","commented","",""
"c181957a-a6c8-4ad2-b10c-28eacb96089e","Community Profile Nprint(3)","1105","// FROM [lib://AppDataProd/Geospatial/ILOC 2021 - NIAA Subregion 2022.qvd]","commented","",""
"c181957a-a6c8-4ad2-b10c-28eacb96089e","Community Profile Nprint(3)","1112","// FROM [lib://AppDataProd/Geospatial/NIAA 2018.qvd]","commented","",""
"c181957a-a6c8-4ad2-b10c-28eacb96089e","Community Profile Nprint(3)","1119","// FROM [lib://AppDataProd/Geospatial/NIAA Region 2020.qvd]","commented","",""
"c181957a-a6c8-4ad2-b10c-28eacb96089e","Community Profile Nprint(3)","1192","[lib://AppDataProd/AzureDataLake/FUSION/Grant Activity.qvd]","retargeted","[lib://Curated Data Store:DataFiles/10 Landing Area/FUSION/Grant Activity.qvd]",""
"c181957a-a6c8-4ad2-b10c-28eacb96089e","Community Profile Nprint(3)","1213","[lib://AppData/PROD\AzureDataLake\FUSION\Source Organisation.qvd]","retargeted","[lib://Curated Data Store:DataFiles/10 Landing Area/FUSION/Source Organisation.qvd]",""
"c181957a-a6c8-4ad2-b10c-28eacb96089e","Community Profile Nprint(3)","1225","// FROM [lib://AppDataProd/AzureDataLake/FUSION/Grant Activity Funding.qvd]","commented","",""
"c181957a-a6c8-4ad2-b10c-28eacb96089e","Community Profile Nprint(3)","1260","[lib://AppDataProd/AzureDataLake/FUSION/Organisation.qvd]","retargeted","[lib://Curated Data Store:DataFiles/10 Landing Area/FUSION/Organisation.qvd]",""
"c181957a-a6c8-4ad2-b10c-28eacb96089e","Community Profile Nprint(3)","1278","[lib://AppDataProd/AzureDataLake/GPS/Grant Activity Contact.qvd]","retargeted","[lib://Curated Data Store:DataFiles/10 Landing Area/GPS/Grant Activity Contact.qvd]",""
"c181957a-a6c8-4ad2-b10c-28eacb96089e","Community Profile Nprint(3)","1329","[lib://AppDataProd/AzureDataLake/FUSION/Organisation Risk Profile.qvd]","retargeted","[lib://Curated Data Store:DataFiles/10 Landing Area/FUSION/Organisation Risk Profile.qvd]",""
"c181957a-a6c8-4ad2-b10c-28eacb96089e","Community Profile Nprint(3)","1346","[lib://AppDataProd/AzureDataLake/FUSION/Organisation Current Risk Profile.qvd]","retargeted","[lib://Curated Data Store:DataFiles/10 Landing Area/FUSION/Organisation Current Risk Profile.qvd]",""
"c181957a-a6c8-4ad2-b10c-28eacb96089e","Community Profile Nprint(3)","1360","[lib://AppDataProd/Geospatial/CDP 2018.qvd]","geospatial","",""
"c181957a-a6c8-4ad2-b10c-28eacb96089e","Community Profile Nprint(3)","1449","[lib://AppData/PROD/AzureDataLake/AURION/NIAA Site Locations.qvd]","retargeted","[lib://Curated Data Store:DataFiles/10 Landing Area/AURION/NIAA Site Locations.qvd]",""
"c181957a-a6c8-4ad2-b10c-28eacb96089e","Community Profile Nprint(3)","1469","// FROM [lib://AppDataProd/AzureDataLake/NIAA/NIAA Site 2023.qvd]","commented","",""
"c181957a-a6c8-4ad2-b10c-28eacb96089e","Community Profile Nprint(3)","1504","// FROM [lib://AppDataProd/AzureDataLake/AURION/Site Location.qvd]","commented","",""
"c181957a-a6c8-4ad2-b10c-28eacb96089e","Community Profile Nprint(3)","2025","[lib://AppDataProd/AzureDataLake/IAM/NIAA Staff.QVD]","retargeted","[lib://Curated Data Store:DataFiles/10 Landing Area/IAM/NIAA Staff.qvd]",""
"c181957a-a6c8-4ad2-b10c-28eacb96089e","Community Profile Nprint(3)","2061","[lib://AppDataProd/AzureDataLake/AURION/Organisation Staff.qvd]","retargeted","[lib://Curated Data Store:DataFiles/10 Landing Area/AURION/Organisation Staff.qvd]",""
"c181957a-a6c8-4ad2-b10c-28eacb96089e","Community Profile Nprint(3)","2271","[lib://AppDataProd/AzureDataLake/NIAA/Fleet Detail.qvd]","not-in-map","",""
"c181957a-a6c8-4ad2-b10c-28eacb96089e","Community Profile Nprint(3)","2334","[lib://AppDataProd/AzureDataLake/NIAA/Fleet.qvd]","not-in-map","",""
"c181957a-a6c8-4ad2-b10c-28eacb96089e","Community Profile Nprint(3)","2357","[lib://AppDataProd/AzureDataLake/NIAA/Fleet Detail.qvd]","not-in-map","",""
"c181957a-a6c8-4ad2-b10c-28eacb96089e","Community Profile Nprint(3)","2378","[lib://AppDataProd/Geospatial/CED 2021.qvd]","geospatial","",""
"c181957a-a6c8-4ad2-b10c-28eacb96089e","Community Profile Nprint(3)","2389","[lib://AppDataProd/Geospatial/MB 2021 - CED 2021.qvd]","geospatial","",""
"c181957a-a6c8-4ad2-b10c-28eacb96089e","Community Profile Nprint(3)","2400","[lib://AppDataProd/Geospatial/MB 2021 - NNTT.qvd]","geospatial","",""
"c181957a-a6c8-4ad2-b10c-28eacb96089e","Community Profile Nprint(3)","2407","[lib://AppDataProd/Geospatial/NTD - NTDA.qvd]","geospatial","",""
"c181957a-a6c8-4ad2-b10c-28eacb96089e","Community Profile Nprint(3)","2447","[lib://AppDataProd/Geospatial/Native Title Determination.qvd]","geospatial","",""
"c181957a-a6c8-4ad2-b10c-28eacb96089e","Community Profile Nprint(3)","2488","[lib://AppDataProd/Geospatial/Native Title.qvd]","geospatial","",""
"c181957a-a6c8-4ad2-b10c-28eacb96089e","Community Profile Nprint(3)","2525","[lib://AppDataProd/Geospatial/Native Title Determination Application.qvd]","geospatial","",""
"c181957a-a6c8-4ad2-b10c-28eacb96089e","Community Profile Nprint(3)","2562","[lib://AppDataProd/Geospatial/NTDA Schedule.qvd]","geospatial","",""
"c181957a-a6c8-4ad2-b10c-28eacb96089e","Community Profile Nprint(3)","2572","// FROM [lib://AppDataProd/Geospatial/RATSIB - NTD.qvd]","commented","",""
"c181957a-a6c8-4ad2-b10c-28eacb96089e","Community Profile Nprint(3)","2587","[lib://AppDataProd/Geospatial/RATSIB.qvd]","geospatial","",""
"c181957a-a6c8-4ad2-b10c-28eacb96089e","Community Profile Nprint(3)","2594","[lib://AppDataProd/Geospatial/RNTBC - NTD.qvd]","geospatial","",""
"c181957a-a6c8-4ad2-b10c-28eacb96089e","Community Profile Nprint(3)","2612","[lib://AppDataProd/Geospatial/RNTBC.qvd]","geospatial","",""
"c181957a-a6c8-4ad2-b10c-28eacb96089e","Community Profile Nprint(3)","2655","[lib://AppDataProd/Geospatial/Indigenous Land Use Agreement.qvd]","geospatial","",""
"c181957a-a6c8-4ad2-b10c-28eacb96089e","Community Profile Nprint(3)","2673","[lib://AppDataProd/Geospatial/s31 Agreement.qvd]","geospatial","",""
"c181957a-a6c8-4ad2-b10c-28eacb96089e","Community Profile Nprint(3)","2701","[lib://AppDataProd/Geospatial/Future Act Notice.qvd]","geospatial","",""
"c181957a-a6c8-4ad2-b10c-28eacb96089e","Community Profile Nprint(3)","2708","[lib://AppDataProd/Geospatial/FAO - NTDA.qvd]","geospatial","",""
"c181957a-a6c8-4ad2-b10c-28eacb96089e","Community Profile Nprint(3)","2735","[lib://AppDataProd/Geospatial/Future Act Objection.qvd]","geospatial","",""
"c181957a-a6c8-4ad2-b10c-28eacb96089e","Community Profile Nprint(3)","2742","[lib://AppDataProd/Geospatial/FADA - NTDA.qvd]","geospatial","",""
"c181957a-a6c8-4ad2-b10c-28eacb96089e","Community Profile Nprint(3)","2769","[lib://AppDataProd/Geospatial/Future Act Determination Application.qvd]","geospatial","",""
"c181957a-a6c8-4ad2-b10c-28eacb96089e","Community Profile Nprint(3)","2792","[lib://AppData/PROD/AzureDataLake/FUSION/PMC Region.qvd]","retargeted","[lib://Curated Data Store:DataFiles/10 Landing Area/FUSION/PMC Region.qvd]",""
"c181957a-a6c8-4ad2-b10c-28eacb96089e","Community Profile Nprint(3)","2801","[lib://AppData/PROD/AzureDataLake/FUSION/PMC Region.qvd]","retargeted","[lib://Curated Data Store:DataFiles/10 Landing Area/FUSION/PMC Region.qvd]",""
"c181957a-a6c8-4ad2-b10c-28eacb96089e","Community Profile Nprint(3)","2840","[lib://AppDataProd/AzureDataLake/FUSION/Grant Activity Coding.qvd]","retargeted","[lib://Curated Data Store:DataFiles/10 Landing Area/FUSION/Grant Activity Coding.qvd]",""
"c181957a-a6c8-4ad2-b10c-28eacb96089e","Community Profile Nprint(3)","2879","[lib://AppDataProd/AzureDataLake/FUSION/Grant Activity Coding - Summary.qvd]","retargeted","[lib://Curated Data Store:DataFiles/10 Landing Area/FUSION/Grant Activity Coding - Summary.qvd]",""
"c181957a-a6c8-4ad2-b10c-28eacb96089e","Community Profile Nprint(3)","2900","[lib://AppData/PROD/AzureDataLake/GAR/Grant Activity Review.qvd]","retargeted","[lib://Curated Data Store:DataFiles/10 Landing Area/GAR/Grant Activity Review.qvd]",""
"c181957a-a6c8-4ad2-b10c-28eacb96089e","Community Profile Nprint(3)","2912","[lib://AppData/PROD/AzureDataLake/GAR/Grant Activity Review Item.qvd]","retargeted","[lib://Curated Data Store:DataFiles/10 Landing Area/GAR/Grant Activity Review Item.qvd]",""
"c181957a-a6c8-4ad2-b10c-28eacb96089e","Community Profile Nprint(3)","2929","[lib://AppData/PROD/AzureDataLake/GAR/Grant Activity Review KPI.qvd]","retargeted","[lib://Curated Data Store:DataFiles/10 Landing Area/GAR/Grant Activity Review KPI.qvd]",""
"c181957a-a6c8-4ad2-b10c-28eacb96089e","Community Profile Nprint(3)","2969","[lib://AppData\PROD\AzureDataLake\GPS\Grant Activity Performance.qvd]","retargeted","[lib://Curated Data Store:DataFiles/10 Landing Area/GPS/Grant Activity Performance.qvd]",""
"c181957a-a6c8-4ad2-b10c-28eacb96089e","Community Profile Nprint(3)","2980","[lib://AppData/PROD/AzureDataLake/GPS/Grant Activity Performance Derived History.qvd]","retargeted","[lib://Curated Data Store:DataFiles/10 Landing Area/GPS/Grant Activity Performance Derived History.qvd]",""
"c181957a-a6c8-4ad2-b10c-28eacb96089e","Community Profile Nprint(3)","3010","[lib://AppData/PROD/AzureDataLake/FUSION/Grant Activity Review.qvd]","retargeted","[lib://Curated Data Store:DataFiles/10 Landing Area/FUSION/Grant Activity Review.qvd]",""
"c181957a-a6c8-4ad2-b10c-28eacb96089e","Community Profile Nprint(3)","3026","[lib://AppData/PROD/AzureDataLake/GPS/Grant Activity Performance Item.qvd]","retargeted","[lib://Curated Data Store:DataFiles/10 Landing Area/GPS/Grant Activity Performance Item.qvd]",""
"c181957a-a6c8-4ad2-b10c-28eacb96089e","Community Profile Nprint(3)","3075","[lib://AppData/PROD/AzureDataLake/FUSION/Performance Report Assessment.qvd]","retargeted","[lib://Curated Data Store:DataFiles/10 Landing Area/FUSION/Performance Report Assessment.qvd]",""
"c181957a-a6c8-4ad2-b10c-28eacb96089e","Community Profile Nprint(3)","3087","[lib://AppDataProd/AzureDataLake/GPS/Grant Activity Performance Indicator.qvd]","retargeted","[lib://Curated Data Store:DataFiles/10 Landing Area/GPS/Grant Activity Performance Indicator.qvd]",""
"c181957a-a6c8-4ad2-b10c-28eacb96089e","Community Profile Nprint(3)","3106","[lib://AppDataProd/AzureDataLake/FUSION/Grant Activity KPI Assessment.qvd]","retargeted","[lib://Curated Data Store:DataFiles/10 Landing Area/FUSION/Grant Activity KPI Assessment.qvd]",""
"c181957a-a6c8-4ad2-b10c-28eacb96089e","Community Profile Nprint(3)","3150","[lib://AppData/PROD/AzureDataLake/GPS/Grant Activity Milestone.qvd]","retargeted","[lib://Curated Data Store:DataFiles/10 Landing Area/GPS/Grant Activity Milestone.qvd]",""
"c181957a-a6c8-4ad2-b10c-28eacb96089e","Community Profile Nprint(3)","3157","[lib://AppData/PROD/AzureDataLake/FUSION/Performance Report Assessment.qvd]","retargeted","[lib://Curated Data Store:DataFiles/10 Landing Area/FUSION/Performance Report Assessment.qvd]",""
"c181957a-a6c8-4ad2-b10c-28eacb96089e","Community Profile Nprint(3)","3185","[lib://AppData/PROD/AzureDataLake/GPS/Grant Activity Missing Milestone.qvd]","retargeted","[lib://Curated Data Store:DataFiles/10 Landing Area/GPS/Grant Activity Missing Milestone.qvd]",""
"c181957a-a6c8-4ad2-b10c-28eacb96089e","Community Profile Nprint(3)","3243","//	FROM [lib://AppData/PROD/AzureDataLake/GPS/Grant Activity Milestone Derived History.qvd] (qvd);","commented","",""
"c181957a-a6c8-4ad2-b10c-28eacb96089e","Community Profile Nprint(3)","3251","//	FROM [lib://AppData/PROD/AzureDataLake/GPS/Grant Activity Missing Milestone Derived History.qvd] (qvd);","commented","",""
"c181957a-a6c8-4ad2-b10c-28eacb96089e","Community Profile Nprint(3)","3316","[lib://AppData/PROD/AzureDataLake/FUSION/Site Visit Assessment.qvd]","retargeted","[lib://Curated Data Store:DataFiles/10 Landing Area/FUSION/Site Visit Assessment.qvd]",""
"c181957a-a6c8-4ad2-b10c-28eacb96089e","Community Profile Nprint(3)","3383","[lib://AppData/PROD/AzureDataLake/FUSION/Site Visit Location.qvd]","retargeted","[lib://Curated Data Store:DataFiles/10 Landing Area/FUSION/Site Visit Location.qvd]",""
"c181957a-a6c8-4ad2-b10c-28eacb96089e","Community Profile Nprint(3)","3407","[lib://AppDataProd/Geospatial/LGA 2023.qvd]","geospatial","",""
"c181957a-a6c8-4ad2-b10c-28eacb96089e","Community Profile Nprint(3)","3415","[lib://AppDataProd/Geospatial/MB 2021 - LGA 2023.qvd]","geospatial","",""
"c181957a-a6c8-4ad2-b10c-28eacb96089e","Community Profile Nprint(3)","3428","[lib://AppDataProd/Geospatial/STATE 2016.qvd]","geospatial","",""
"c181957a-a6c8-4ad2-b10c-28eacb96089e","Community Profile Nprint(3)","3437","[lib://AppDataProd/Geospatial/EC 2020.qvd]","geospatial","",""
"c181957a-a6c8-4ad2-b10c-28eacb96089e","Community Profile Nprint(3)","3444","//	FROM [lib://AppDataProd/Geospatial/SA1_TO_EC.qvd] (qvd);","commented","",""
"c181957a-a6c8-4ad2-b10c-28eacb96089e","Community Profile Nprint(3)","3450","[lib://AppDataProd/Geospatial/MB - EC.qvd]","geospatial","",""
"c181957a-a6c8-4ad2-b10c-28eacb96089e","Community Profile Nprint(3)","4103","[lib://AppDataProd/AzureDataLake/ABS/2021 Census Datapacks x ILOC.qvd]","not-in-map","",""
"c181957a-a6c8-4ad2-b10c-28eacb96089e","Community Profile Nprint(3)","4114","[lib://AppDataProd/AzureDataLake/ABS/2021 ABS Remoteness x ILOC.qvd]","not-in-map","",""
"c181957a-a6c8-4ad2-b10c-28eacb96089e","Community Profile Nprint(3)","4266","[lib://AppDataProd/AzureDataLake/ABS/2021 CtG Targets ABS Tablebuilder.qvd]","not-in-map","",""
"c181957a-a6c8-4ad2-b10c-28eacb96089e","Community Profile Nprint(3)","4298","[lib://AppDataProd/AzureDataLake/ORIC/ORIC Corporations.qvd]","unusable-verdict","","ORIC ID:create-view; ORIC Corporation:not-found; ORIC Incorporation Date:not-found; ORIC Status:not-found; ORIC Status Date:not-found; ORIC Size:not-found; ORIC State:not-found; ORIC Post Code:not-found; ORIC Locality:not-found; ORIC Industry:not-found; ORIC ACNC Registered?:not-found; ORIC Number of Members:not-found; ORIC Number of Directors:not-found; ORIC Total Income 2019/20:not-found; ORIC Total Assets 2019/20:not-found; ORIC Number of Employees 2019/20:not-found; ORIC Total Income 2020/21:not-found; ORIC Total Assets 2020/21:not-found; ORIC Number of Employees 2020/21:not-found; ORIC Total Income 2021/22:not-found; ORIC Total Assets 2021/22:not-found; ORIC Number of Employees 2021/22:not-found; ORIC URL:not-found"
"c181957a-a6c8-4ad2-b10c-28eacb96089e","Community Profile Nprint(3)","4374","[lib://AppDataProd/AzureDataLake/CAEPR/IRSEO PINIRSEO 2021.qvd]","not-in-map","",""
"c181957a-a6c8-4ad2-b10c-28eacb96089e","Community Profile Nprint(3)","4421","[lib://AppDataProd/Geospatial/NT Admin Region 2023.qvd]","geospatial","",""
"c181957a-a6c8-4ad2-b10c-28eacb96089e","Community Profile Nprint(3)","4429","[lib://AppDataProd/Geospatial/MB 2021 - NT Admin Region 2023.qvd]","geospatial","",""
"c181957a-a6c8-4ad2-b10c-28eacb96089e","Community Profile Nprint(3)","4445","[lib://AppData/PROD/AzureDataLake/NACCHO/Member Name Locations.qvd]","retargeted-pending-import","[lib://Curated Data Store:DataFiles/10 Landing Area/NACCHO/Member Name Locations.qvd]",""
"c181957a-a6c8-4ad2-b10c-28eacb96089e","Community Profile Nprint(3)","4465","[lib://AppDataProd/AzureDataLake/DGOV/Services Australia Offices.qvd]","retargeted","[lib://Curated Data Store:DataFiles/10 Landing Area/DGOV/Services Australia Offices.qvd]",""
"c181957a-a6c8-4ad2-b10c-28eacb96089e","Community Profile Nprint(3)","5961","[lib://AppDataProd/AzureDataLake/NIAA/Fleet Detail.qvd]","not-in-map","",""
"c181957a-a6c8-4ad2-b10c-28eacb96089e","Community Profile Nprint(3)","6024","[lib://AppDataProd/AzureDataLake/NIAA/Fleet.qvd]","not-in-map","",""
"c181957a-a6c8-4ad2-b10c-28eacb96089e","Community Profile Nprint(3)","6047","[lib://AppDataProd/AzureDataLake/NIAA/Fleet Detail.qvd]","not-in-map","",""
"c181957a-a6c8-4ad2-b10c-28eacb96089e","Community Profile Nprint(3)","6075","// FROM [lib://AppDataProd/AzureDataLake/NIAA/Fleet Detail.qvd]","commented","",""
"c181957a-a6c8-4ad2-b10c-28eacb96089e","Community Profile Nprint(3)","6106","// FROM [lib://AppDataProd/AzureDataLake/NIAA/Fleet.qvd]","commented","",""
"c181957a-a6c8-4ad2-b10c-28eacb96089e","Community Profile Nprint(3)","6168","[lib://AppDataProd/AzureDataLake/AEDC/AEDC_2021_Student.qvd]","not-in-map","",""
"c181957a-a6c8-4ad2-b10c-28eacb96089e","Community Profile Nprint(3)","13458","[lib://AppDataProd/AzureDataLake/AURION/Organisation Staff.qvd]","retargeted","[lib://Curated Data Store:DataFiles/10 Landing Area/AURION/Organisation Staff.qvd]",""
"c181957a-a6c8-4ad2-b10c-28eacb96089e","Community Profile Nprint(3)","13470","[lib://Curated Data Store - DEV:DataFiles/10 Landing Area/abs/CED.qvd]","already-mapped","",""
"local:crm-qvd-generator","CRM QVD Generator","58","[lib://AppData\PROD\AzureDataLake\CRM\CRM Linking Table.qvd]","out-of-scope","","unclassified lib:// occurrence (no FROM/DIRECTORY context)"
"local:crm-qvd-generator","CRM QVD Generator","118","[lib://AppData\PROD\AzureDataLake\CRM\Engagement.qvd]","out-of-scope","","unclassified lib:// occurrence (no FROM/DIRECTORY context)"
"local:crm-qvd-generator","CRM QVD Generator","223","[lib://AppData\PROD\AzureDataLake\CRM\Organisation.qvd]","out-of-scope","","unclassified lib:// occurrence (no FROM/DIRECTORY context)"
"local:crm-qvd-generator","CRM QVD Generator","256","[lib://AppData\PROD\AzureDataLake\CRM\Engagement Outcome.qvd]","out-of-scope","","unclassified lib:// occurrence (no FROM/DIRECTORY context)"
"local:crm-qvd-generator","CRM QVD Generator","273","[lib://AppData\PROD\AzureDataLake\CRM\Engagement Metatag.qvd]","out-of-scope","","unclassified lib:// occurrence (no FROM/DIRECTORY context)"
"local:crm-qvd-generator","CRM QVD Generator","290","[lib://AppData\PROD\AzureDataLake\CRM\Organisation Metatag.qvd]","out-of-scope","","unclassified lib:// occurrence (no FROM/DIRECTORY context)"
"local:crm-qvd-generator","CRM QVD Generator","309","[lib://AppData\PROD\AzureDataLake\CRM\Tag.qvd]","out-of-scope","","unclassified lib:// occurrence (no FROM/DIRECTORY context)"
"local:crm-qvd-generator","CRM QVD Generator","350","[lib://AppData\PROD\AzureDataLake\CRM\Note.qvd]","out-of-scope","","unclassified lib:// occurrence (no FROM/DIRECTORY context)"
"local:crm-qvd-generator","CRM QVD Generator","423","[lib://AppData\PROD\AzureDataLake\CRM\Contact.qvd]","out-of-scope","","unclassified lib:// occurrence (no FROM/DIRECTORY context)"
"local:crm-qvd-generator","CRM QVD Generator","476","[lib://AppData\PROD\AzureDataLake\CRM\Interaction.qvd]","out-of-scope","","unclassified lib:// occurrence (no FROM/DIRECTORY context)"
"local:crm-qvd-generator","CRM QVD Generator","511","[lib://AppData\PROD\AzureDataLake\CRM\User.qvd]","out-of-scope","","unclassified lib:// occurrence (no FROM/DIRECTORY context)"
"local:crm-qvd-generator","CRM QVD Generator","528","[lib://AppData\PROD\AzureDataLake\CRM\Contact Metatag.qvd]","out-of-scope","","unclassified lib:// occurrence (no FROM/DIRECTORY context)"
"local:crm-qvd-generator","CRM QVD Generator","556","[lib://AppData\PROD\AzureDataLake\CRM\Interaction Party.qvd]","out-of-scope","","unclassified lib:// occurrence (no FROM/DIRECTORY context)"
"local:crm-qvd-generator","CRM QVD Generator","627","[lib://AppData\PROD\AzureDataLake\CRM\Appointment.qvd]","out-of-scope","","unclassified lib:// occurrence (no FROM/DIRECTORY context)"
"local:crm-qvd-generator","CRM QVD Generator","661","[lib://AppData\PROD\AzureDataLake\CRM\Engagement.qvd]","out-of-scope","","unclassified lib:// occurrence (no FROM/DIRECTORY context)"
"local:crm-qvd-generator","CRM QVD Generator","674","[lib://AppData\PROD\AzureDataLake\CRM\Tag.qvd]","out-of-scope","","unclassified lib:// occurrence (no FROM/DIRECTORY context)"
"local:crm-qvd-generator","CRM QVD Generator","697","[lib://AppData\PROD\AzureDataLake\CRM\Note.qvd]","out-of-scope","","unclassified lib:// occurrence (no FROM/DIRECTORY context)"
"local:crm-qvd-generator","CRM QVD Generator","736","[lib://AppData\PROD\AzureDataLake\CRM\Contact.qvd]","out-of-scope","","unclassified lib:// occurrence (no FROM/DIRECTORY context)"
"local:crm-qvd-generator","CRM QVD Generator","762","[lib://AppData\PROD\AzureDataLake\CRM\Organisation.qvd]","out-of-scope","","unclassified lib:// occurrence (no FROM/DIRECTORY context)"
"local:crm-qvd-generator","CRM QVD Generator","790","[lib://AppData\PROD\AzureDataLake\CRM\Interaction.qvd]","out-of-scope","","unclassified lib:// occurrence (no FROM/DIRECTORY context)"
"local:crm-qvd-generator","CRM QVD Generator","824","[lib://AppData\PROD\AzureDataLake\CRM\User.qvd]","out-of-scope","","unclassified lib:// occurrence (no FROM/DIRECTORY context)"
"b8c2b008-894d-4850-a09c-ab34a12ee9d8","FUSION QVD Generator","8074","[lib://AppData\$(Env)\$(DataStore)\$(DataSource)\$(TableName).qvd]","out-of-scope","","unclassified lib:// occurrence (no FROM/DIRECTORY context)"
"b8c2b008-894d-4850-a09c-ab34a12ee9d8","FUSION QVD Generator","8075","[lib://AppData\$(Env)\$(DataStore)\$(DataSource)\csv\$(TableName).csv]","out-of-scope","","unclassified lib:// occurrence (no FROM/DIRECTORY context)"
"b8c2b008-894d-4850-a09c-ab34a12ee9d8","FUSION QVD Generator","8157","[lib://AppData\$(Env)\$(DataStore)\$(DataSource)\$(TableName).qvd]","out-of-scope","","unclassified lib:// occurrence (no FROM/DIRECTORY context)"
"b8c2b008-894d-4850-a09c-ab34a12ee9d8","FUSION QVD Generator","8158","//  STORE [$(TableName)] into [lib://AppData\$(Env)\$(DataStore)\$(DataSource)\csv\$(TableName).csv] (txt);","commented","",""
"b8c2b008-894d-4850-a09c-ab34a12ee9d8","FUSION QVD Generator","8239","[lib://AppData\$(Env)\$(DataStore)\$(DataSource)\$(TableName).qvd]","out-of-scope","","unclassified lib:// occurrence (no FROM/DIRECTORY context)"
"b8c2b008-894d-4850-a09c-ab34a12ee9d8","FUSION QVD Generator","8240","//  STORE [$(TableName)] into [lib://AppData\$(Env)\$(DataStore)\$(DataSource)\csv\$(TableName).csv] (txt);","commented","",""
"8559461b-8aba-4ccf-8380-493b75348cdf","Geospatial QVD Generator","2456","[lib://AppData\$(Env)\$(AppName)\$(TableName).qvd]","out-of-scope","","unclassified lib:// occurrence (no FROM/DIRECTORY context)"
"8559461b-8aba-4ccf-8380-493b75348cdf","Geospatial QVD Generator","2457","[lib://AppData\$(Env)\$(AppName)\csv\$(TableName).csv]","out-of-scope","","unclassified lib:// occurrence (no FROM/DIRECTORY context)"
"8be957c3-5b4e-4798-8325-79e5cfb34916","GPS QVD Generator","63","[lib://AppData\PROD\AzureDataLake\GPS\Grant Activity Milestone Derived History.qvd]","out-of-scope","","unclassified lib:// occurrence (no FROM/DIRECTORY context)"
"8be957c3-5b4e-4798-8325-79e5cfb34916","GPS QVD Generator","66","//STORE [Grant Activity Milestone Derived History] into [lib://AppData\PROD\AzureDataLake\GPS\Grant Activity Milestone Derived History.csv] (txt); //SC 20231030 - remove the export to csv for all tables","commented","",""
"8be957c3-5b4e-4798-8325-79e5cfb34916","GPS QVD Generator","80","[lib://AppData\PROD\AzureDataLake\GPS\Grant Activity Missing Milestone Derived History.qvd]","out-of-scope","","unclassified lib:// occurrence (no FROM/DIRECTORY context)"
"8be957c3-5b4e-4798-8325-79e5cfb34916","GPS QVD Generator","83","//STORE [Grant Activity Missing Milestone Derived History] into [lib://AppData\PROD\AzureDataLake\GPS\Grant Activity Missing Milestone Derived History.csv] (txt); //SC 20231030 - remove the export to csv for all tables","commented","",""
"8be957c3-5b4e-4798-8325-79e5cfb34916","GPS QVD Generator","183","[lib://AppData\PROD\AzureDataLake\SSR\Milestone Overdue Month.qvd]","out-of-scope","","unclassified lib:// occurrence (no FROM/DIRECTORY context)"
"8be957c3-5b4e-4798-8325-79e5cfb34916","GPS QVD Generator","186","//STORE [Milestone Overdue Month] into [lib://AppData\PROD\AzureDataLake\SSR\Milestone Overdue Month.csv] (txt); //SC 20231030 - remove the export to csv for all tables","commented","",""
"8be957c3-5b4e-4798-8325-79e5cfb34916","GPS QVD Generator","190","[lib://AppData\PROD\AzureDataLake\SSR\Grant Activity Milestone.qvd]","out-of-scope","","unclassified lib:// occurrence (no FROM/DIRECTORY context)"
"8be957c3-5b4e-4798-8325-79e5cfb34916","GPS QVD Generator","193","//STORE [Grant Activity Milestone] into [lib://AppData\PROD\AzureDataLake\SSR\Grant Activity Milestone.csv] (txt); //SC 20231030 - remove the export to csv for all tables","commented","",""
"8be957c3-5b4e-4798-8325-79e5cfb34916","GPS QVD Generator","255","[lib://AppData\PROD\AzureDataLake\GPS\Grant Activity Missing Milestone.qvd]","out-of-scope","","unclassified lib:// occurrence (no FROM/DIRECTORY context)"
"8be957c3-5b4e-4798-8325-79e5cfb34916","GPS QVD Generator","329","[lib://AppData\PROD\AzureDataLake\GPS\Grant Activity Milestone.qvd]","out-of-scope","","unclassified lib:// occurrence (no FROM/DIRECTORY context)"
"8be957c3-5b4e-4798-8325-79e5cfb34916","GPS QVD Generator","349","[lib://AppData/PROD/AzureDataLake/FUSION/Grant Activity.qvd]","retargeted","[lib://Curated Data Store:DataFiles/10 Landing Area/FUSION/Grant Activity.qvd]",""
"8be957c3-5b4e-4798-8325-79e5cfb34916","GPS QVD Generator","356","[lib://AppData/PROD/AzureDataLake/FUSION/Source System.qvd]","retargeted","[lib://Curated Data Store:DataFiles/10 Landing Area/FUSION/Source System.qvd]",""
"8be957c3-5b4e-4798-8325-79e5cfb34916","GPS QVD Generator","359","[lib://AppData\PROD\AzureDataLake\GPS\Grant Managing Region.qvd]","out-of-scope","","unclassified lib:// occurrence (no FROM/DIRECTORY context)"
"8be957c3-5b4e-4798-8325-79e5cfb34916","GPS QVD Generator","360","//STORE [Grant Managing Region] into [lib://AppData\PROD\AzureDataLake\GPS\Grant Managing Region.csv] (txt); //SC 20231030 - remove the export to csv for all tables","commented","",""
"8be957c3-5b4e-4798-8325-79e5cfb34916","GPS QVD Generator","375","// FROM [lib://AppData/PROD/AzureDataLake/SSR/RGU Staff.qvd]","commented","",""
"8be957c3-5b4e-4798-8325-79e5cfb34916","GPS QVD Generator","386","// FROM [lib://AppDataProd/AzureDataLake/FUSION/Grant Activity.qvd]","commented","",""
"8be957c3-5b4e-4798-8325-79e5cfb34916","GPS QVD Generator","392","// FROM [lib://AppData/PROD/AzureDataLake/FUSION/Source System.qvd]","commented","",""
"8be957c3-5b4e-4798-8325-79e5cfb34916","GPS QVD Generator","411","// FROM [lib://AppDataProd/AzureDataLake/ESS/CDP/CDP Contract.QVD] (qvd)","commented","",""
"8be957c3-5b4e-4798-8325-79e5cfb34916","GPS QVD Generator","417","// FROM [lib://AppDataProd/AzureDataLake/ESS/CDP/CDP Region.QVD] (qvd);","commented","",""
"8be957c3-5b4e-4798-8325-79e5cfb34916","GPS QVD Generator","423","// FROM [lib://AppDataProd/AzureDataLake/FUSION/Grant Activity.qvd]","commented","",""
"8be957c3-5b4e-4798-8325-79e5cfb34916","GPS QVD Generator","606","[lib://AppData\PROD\AzureDataLake\GPS\Grant Activity Contact.qvd]","out-of-scope","","unclassified lib:// occurrence (no FROM/DIRECTORY context)"
"8be957c3-5b4e-4798-8325-79e5cfb34916","GPS QVD Generator","607","//STORE [Grant Activity Contact] into [lib://AppData\PROD\AzureDataLake\GPS\Grant Activity Contact.csv] (txt); //SC 20231030 - remove the export to csv for all tables","commented","",""
"8be957c3-5b4e-4798-8325-79e5cfb34916","GPS QVD Generator","630","[lib://AppData\PROD\AzureDataLake\GPS\Organisaiton Indigeniety.qvd]","out-of-scope","","unclassified lib:// occurrence (no FROM/DIRECTORY context)"
"8be957c3-5b4e-4798-8325-79e5cfb34916","GPS QVD Generator","631","//STORE [Organisaiton Indigeniety] into [lib://AppData\PROD\AzureDataLake\GPS\Organisaiton Indigeniety.csv] (txt); //SC 20231030 - remove the export to csv for all tables","commented","",""
"8be957c3-5b4e-4798-8325-79e5cfb34916","GPS QVD Generator","691","[lib://AppData\PROD\AzureDataLake\GPS\Grant Activity Performance.qvd]","out-of-scope","","unclassified lib:// occurrence (no FROM/DIRECTORY context)"
"8be957c3-5b4e-4798-8325-79e5cfb34916","GPS QVD Generator","694","//STORE [Grant Activity Performance] into [lib://AppData\PROD\AzureDataLake\GPS\Grant Activity Performance.csv] (txt); //SC 20231030 - remove the export to csv for all tables","commented","",""
"8be957c3-5b4e-4798-8325-79e5cfb34916","GPS QVD Generator","722","[lib://AppData\PROD\AzureDataLake\GPS\Grant Activity Performance Item.qvd]","out-of-scope","","unclassified lib:// occurrence (no FROM/DIRECTORY context)"
"8be957c3-5b4e-4798-8325-79e5cfb34916","GPS QVD Generator","725","//STORE [Grant Activity Performance Item] into [lib://AppData\PROD\AzureDataLake\GPS\Grant Activity Performance Item.csv] (txt); //SC 20231030 - remove the export to csv for all tables","commented","",""
"8be957c3-5b4e-4798-8325-79e5cfb34916","GPS QVD Generator","749","[lib://AppData\PROD\AzureDataLake\GPS\Grant Activity Performance Indicator.qvd]","out-of-scope","","unclassified lib:// occurrence (no FROM/DIRECTORY context)"
"8be957c3-5b4e-4798-8325-79e5cfb34916","GPS QVD Generator","752","//STORE [Grant Activity Performance Indicator] into [lib://AppData\PROD\AzureDataLake\GPS\Grant Activity Performance Indicator.csv] (txt); //SC 20231030 - remove the export to csv for all tables","commented","",""
"8be957c3-5b4e-4798-8325-79e5cfb34916","GPS QVD Generator","766","[lib://AppData\PROD\AzureDataLake\GPS\Grant Activity Performance Derived History.qvd]","out-of-scope","","unclassified lib:// occurrence (no FROM/DIRECTORY context)"
"8be957c3-5b4e-4798-8325-79e5cfb34916","GPS QVD Generator","769","//STORE [Grant Activity Performance Derived History] into [lib://AppData\PROD\AzureDataLake\GPS\Grant Activity Performance Derived History.csv] (txt); //SC 20231030 - remove the export to csv for all tables","commented","",""
"8be957c3-5b4e-4798-8325-79e5cfb34916","GPS QVD Generator","828","[lib://AppData\PROD\AzureDataLake\GPS\Grant Activity.qvd]","out-of-scope","","unclassified lib:// occurrence (no FROM/DIRECTORY context)"
"8be957c3-5b4e-4798-8325-79e5cfb34916","GPS QVD Generator","831","//STORE [Grant Activity] into [lib://AppData\PROD\AzureDataLake\GPS\Grant Activity.csv] (txt); //SC 20231030 - remove the export to csv for all tables","commented","",""
"8be957c3-5b4e-4798-8325-79e5cfb34916","GPS QVD Generator","847","[lib://AppData\PROD\AzureDataLake\GPS\Grant Activity Derived History.qvd]","out-of-scope","","unclassified lib:// occurrence (no FROM/DIRECTORY context)"
"8be957c3-5b4e-4798-8325-79e5cfb34916","GPS QVD Generator","850","//STORE [Grant Activity Derived History] into [lib://AppData\PROD\AzureDataLake\GPS\Grant Activity Derived History.csv] (txt); //SC 20231030 - remove the export to csv for all tables","commented","",""
"8be957c3-5b4e-4798-8325-79e5cfb34916","GPS QVD Generator","862","//	FROM [lib://AppData/PROD/AzureDataLake/FUSION/Grant Activity.qvd] (qvd);","commented","",""
"8be957c3-5b4e-4798-8325-79e5cfb34916","GPS QVD Generator","873","//	STORE [Grant Activity Derived History] INTO [lib://AppData\PROD\AzureDataLake\GPS\Grant Activity Derived History.qvd] (qvd);","commented","",""
"8be957c3-5b4e-4798-8325-79e5cfb34916","GPS QVD Generator","876","//	STORE [Grant Activity Derived History] INTO [lib://AppData\PROD\AzureDataLake\GPS\Grant Activity Derived History.csv] (txt);","commented","",""
"8be957c3-5b4e-4798-8325-79e5cfb34916","GPS QVD Generator","1023","[lib://AppData\PROD\AzureDataLake\GPS\Grant Activity Acquittal.qvd]","out-of-scope","","unclassified lib:// occurrence (no FROM/DIRECTORY context)"
"8be957c3-5b4e-4798-8325-79e5cfb34916","GPS QVD Generator","1026","//STORE [Grant Activity Acquittal] into [lib://AppData\PROD\AzureDataLake\GPS\Grant Activity Acquittal.csv] (txt); //SC 20231030 - remove the export to csv for all tables","commented","",""
"8be957c3-5b4e-4798-8325-79e5cfb34916","GPS QVD Generator","1048","[lib://AppData\PROD\AzureDataLake\GPS\Grant Activity Acquittal Item.qvd]","out-of-scope","","unclassified lib:// occurrence (no FROM/DIRECTORY context)"
"8be957c3-5b4e-4798-8325-79e5cfb34916","GPS QVD Generator","1051","//STORE [Grant Activity Acquittal Item] into [lib://AppData\PROD\AzureDataLake\GPS\Grant Activity Acquittal Item.csv] (txt); //SC 20231030 - remove the export to csv for all tables","commented","",""
"8be957c3-5b4e-4798-8325-79e5cfb34916","GPS QVD Generator","1067","[lib://AppData\PROD\AzureDataLake\GPS\Grant Activity Acquittal Error.qvd]","out-of-scope","","unclassified lib:// occurrence (no FROM/DIRECTORY context)"
"8be957c3-5b4e-4798-8325-79e5cfb34916","GPS QVD Generator","1070","//STORE [Grant Activity Acquittal Error] into [lib://AppData\PROD\AzureDataLake\GPS\Grant Activity Acquittal Error.csv] (txt); //SC 20231030 - remove the export to csv for all tables","commented","",""
"8be957c3-5b4e-4798-8325-79e5cfb34916","GPS QVD Generator","1086","[lib://AppData\PROD\AzureDataLake\GPS\Grant Activity Acquittal Derived History.qvd]","out-of-scope","","unclassified lib:// occurrence (no FROM/DIRECTORY context)"
"8be957c3-5b4e-4798-8325-79e5cfb34916","GPS QVD Generator","1089","//STORE [Grant Activity Acquittal Derived History] into [lib://AppData\PROD\AzureDataLake\GPS\Grant Activity Acquittal Derived History.csv] (txt); //SC 20231030 - remove the export to csv for all tables","commented","",""
"8be957c3-5b4e-4798-8325-79e5cfb34916","GPS QVD Generator","1168","[lib://AppData\PROD\AzureDataLake\GPS\Grant Application.qvd]","out-of-scope","","unclassified lib:// occurrence (no FROM/DIRECTORY context)"
"8be957c3-5b4e-4798-8325-79e5cfb34916","GPS QVD Generator","1171","//STORE [Grant Application] into [lib://AppData\PROD\AzureDataLake\GPS\Grant Application.csv] (txt); //SC 20231030 - remove the export to csv for all tables","commented","",""
"8be957c3-5b4e-4798-8325-79e5cfb34916","GPS QVD Generator","1189","[lib://AppData\PROD\AzureDataLake\GPS\Grant Application Derived History.qvd]","out-of-scope","","unclassified lib:// occurrence (no FROM/DIRECTORY context)"
"8be957c3-5b4e-4798-8325-79e5cfb34916","GPS QVD Generator","1192","//STORE [Grant Application Derived History] into [lib://AppData\PROD\AzureDataLake\GPS\Grant Application Derived History.csv] (txt); //SC 20231030 - remove the export to csv for all tables","commented","",""
"8be957c3-5b4e-4798-8325-79e5cfb34916","GPS QVD Generator","1223","[lib://AppData\PROD\AzureDataLake\GPS\Grant Application Financial FY.qvd]","out-of-scope","","unclassified lib:// occurrence (no FROM/DIRECTORY context)"
"8be957c3-5b4e-4798-8325-79e5cfb34916","GPS QVD Generator","1226","//STORE [Grant Application Derived History] into [lib://AppData\PROD\AzureDataLake\GPS\Grant Application Derived History.csv] (txt); //SC 20231030 - remove the export to csv for all tables","commented","",""
"8be957c3-5b4e-4798-8325-79e5cfb34916","GPS QVD Generator","1262","[lib://AppData\PROD\AzureDataLake\GPS\Grant Application Assessment Score.qvd]","out-of-scope","","unclassified lib:// occurrence (no FROM/DIRECTORY context)"
"8be957c3-5b4e-4798-8325-79e5cfb34916","GPS QVD Generator","1265","//STORE [Grant Application Assessment Score] into [lib://AppData\PROD\AzureDataLake\GPS\Grant Application Assessment Score.csv] (txt); //SC 20231030 - remove the export to csv for all tables","commented","",""
"8be957c3-5b4e-4798-8325-79e5cfb34916","GPS QVD Generator","1306","[lib://AppData\PROD\AzureDataLake\GPS\Grant Application Assessment Details.qvd]","out-of-scope","","unclassified lib:// occurrence (no FROM/DIRECTORY context)"
"8be957c3-5b4e-4798-8325-79e5cfb34916","GPS QVD Generator","1309","//STORE [Grant Application Assessment Details] into [lib://AppData\PROD\AzureDataLake\GPS\Grant Application Assessment Details.csv] (txt); //SC 20231030 - remove the export to csv for all tables","commented","",""
"8be957c3-5b4e-4798-8325-79e5cfb34916","GPS QVD Generator","1341","[lib://AppData\PROD\AzureDataLake\GPS\Grant Application Compliance Assessment.qvd]","out-of-scope","","unclassified lib:// occurrence (no FROM/DIRECTORY context)"
"8be957c3-5b4e-4798-8325-79e5cfb34916","GPS QVD Generator","1344","//STORE [Grant Application Compliance Assessment] into [lib://AppData\PROD\AzureDataLake\GPS\Grant Application Compliance Assessment.csv] (txt); //SC 20231030 - remove the export to csv for all tables","commented","",""
"8be957c3-5b4e-4798-8325-79e5cfb34916","GPS QVD Generator","1375","[lib://AppData\PROD\AzureDataLake\GPS\Grant Application Eligibility Assessment.qvd]","out-of-scope","","unclassified lib:// occurrence (no FROM/DIRECTORY context)"
"8be957c3-5b4e-4798-8325-79e5cfb34916","GPS QVD Generator","1378","//STORE [Grant Application Eligibility Assessment] into [lib://AppData\PROD\AzureDataLake\GPS\Grant Application Eligibility Assessment.csv] (txt); //SC 20231030 - remove the export to csv for all tables","commented","",""
"8be957c3-5b4e-4798-8325-79e5cfb34916","GPS QVD Generator","1403","[lib://AppData\PROD\AzureDataLake\GPS\Grant Application Information Detail.qvd]","out-of-scope","","unclassified lib:// occurrence (no FROM/DIRECTORY context)"
"8be957c3-5b4e-4798-8325-79e5cfb34916","GPS QVD Generator","1406","//STORE [Grant Application Information Detail] into [lib://AppData\PROD\AzureDataLake\GPS\Grant Application Information Detail.csv] (txt); //SC 20231030 - remove the export to csv for all tables","commented","",""
"8be957c3-5b4e-4798-8325-79e5cfb34916","GPS QVD Generator","1428","[lib://AppData\PROD\AzureDataLake\GPS\Grant Application Delivery Locations.qvd]","out-of-scope","","unclassified lib:// occurrence (no FROM/DIRECTORY context)"
"8be957c3-5b4e-4798-8325-79e5cfb34916","GPS QVD Generator","1431","//STORE [Grant Application Delivery Locations] into [lib://AppData\PROD\AzureDataLake\GPS\Grant Application Delivery Locations.csv] (txt); //SC 20231030 - remove the export to csv for all tables","commented","",""
"8be957c3-5b4e-4798-8325-79e5cfb34916","GPS QVD Generator","1468","[lib://AppData\PROD\AzureDataLake\GPS\Grant Application Coverage Area.qvd]","out-of-scope","","unclassified lib:// occurrence (no FROM/DIRECTORY context)"
"8be957c3-5b4e-4798-8325-79e5cfb34916","GPS QVD Generator","1471","//STORE [Grant Application Coverage Area] into [lib://AppData\PROD\AzureDataLake\GPS\Grant Application Coverage Area.csv] (txt); //SC 20231030 - remove the export to csv for all tables","commented","",""
"8be957c3-5b4e-4798-8325-79e5cfb34916","GPS QVD Generator","1630","// //STORE [Performance Review Assessment] into [lib://AppData\PROD\AzureDataLake\GPS\Performance Review Assessment.qvd] (qvd);","commented","",""
"8be957c3-5b4e-4798-8325-79e5cfb34916","GPS QVD Generator","1631","// //STORE [Performance Review Assessment] into [lib://AppData\PROD\AzureDataLake\GPS\Performance Review Assessment.csv] (txt);","commented","",""
"8be957c3-5b4e-4798-8325-79e5cfb34916","GPS QVD Generator","1647","[lib://AppData\PROD\AzureDataLake\GPS\GPS Data Warehouse Load Time.qvd]","out-of-scope","","unclassified lib:// occurrence (no FROM/DIRECTORY context)"
"8be957c3-5b4e-4798-8325-79e5cfb34916","GPS QVD Generator","1650","//STORE [GPS Data Warehouse Load Time] into [lib://AppData\PROD\AzureDataLake\GPS\GPS Data Warehouse Load Time.csv] (txt); //SC 20231030 - remove the export to csv for all tables","commented","",""
"8be957c3-5b4e-4798-8325-79e5cfb34916","GPS QVD Generator","1684","[lib://AppData\PROD\AzureDataLake\GPS\Grant Application Service Area.qvd]","out-of-scope","","unclassified lib:// occurrence (no FROM/DIRECTORY context)"
"8be957c3-5b4e-4798-8325-79e5cfb34916","GPS QVD Generator","1687","//STORE [Grant Application Service Area] into [lib://AppData\PROD\AzureDataLake\GPS\Grant Application Service Area.csv] (txt); //SC 20231030 - remove the export to csv for all tables","commented","",""
"8be957c3-5b4e-4798-8325-79e5cfb34916","GPS QVD Generator","1713","[lib://AppData\PROD\AzureDataLake\GPS\Grant Application Attachment.qvd]","out-of-scope","","unclassified lib:// occurrence (no FROM/DIRECTORY context)"
"8be957c3-5b4e-4798-8325-79e5cfb34916","GPS QVD Generator","1716","//STORE [Grant Application Attachment] into [lib://AppData\PROD\AzureDataLake\GPS\Grant Application Attachment.csv] (txt); //SC 20231030 - remove the export to csv for all tables","commented","",""
"8be957c3-5b4e-4798-8325-79e5cfb34916","GPS QVD Generator","1867","[lib://AppData\PROD\AzureDataLake\GPS\Grant Organisation.qvd]","out-of-scope","","unclassified lib:// occurrence (no FROM/DIRECTORY context)"
"8be957c3-5b4e-4798-8325-79e5cfb34916","GPS QVD Generator","1870","//STORE [Grant Organisation] into [lib://AppData\PROD\AzureDataLake\GPS\Grant Organisation.csv] (txt); //SC 20231030 - remove the export to csv for all tables","commented","",""
"8be957c3-5b4e-4798-8325-79e5cfb34916","GPS QVD Generator","1906","[lib://AppData\PROD\AzureDataLake\GPS\Grant Application Contact.qvd]","out-of-scope","","unclassified lib:// occurrence (no FROM/DIRECTORY context)"
"8be957c3-5b4e-4798-8325-79e5cfb34916","GPS QVD Generator","1909","//STORE [Grant Application Contact] into [lib://AppData\PROD\AzureDataLake\GPS\Grant Application Contact.csv] (txt); //SC 20231030 - remove the export to csv for all tables","commented","",""
"8be957c3-5b4e-4798-8325-79e5cfb34916","GPS QVD Generator","1961","[lib://AppData\PROD\AzureDataLake\GPS\GPS Contact.qvd]","out-of-scope","","unclassified lib:// occurrence (no FROM/DIRECTORY context)"
"8be957c3-5b4e-4798-8325-79e5cfb34916","GPS QVD Generator","1964","//STORE [GPS Contact] into [lib://AppData\PROD\AzureDataLake\GPS\GPS Contact.csv] (txt); //SC 20231030 - remove the export to csv for all tables","commented","",""
"8be957c3-5b4e-4798-8325-79e5cfb34916","GPS QVD Generator","1997","[lib://AppData\PROD\AzureDataLake\GPS\Organisation Bank Account.qvd]","out-of-scope","","unclassified lib:// occurrence (no FROM/DIRECTORY context)"
"8be957c3-5b4e-4798-8325-79e5cfb34916","GPS QVD Generator","2025","[lib://AppData\PROD\AzureDataLake\GPS\Program Schedule.qvd]","out-of-scope","","unclassified lib:// occurrence (no FROM/DIRECTORY context)"
"8be957c3-5b4e-4798-8325-79e5cfb34916","GPS QVD Generator","2061","[lib://AppData\PROD\AzureDataLake\GPS\Program Schedule Variation.qvd]","out-of-scope","","unclassified lib:// occurrence (no FROM/DIRECTORY context)"
"8be957c3-5b4e-4798-8325-79e5cfb34916","GPS QVD Generator","2099","[lib://AppData\PROD\AzureDataLake\GPS\Grant Application Status.qvd]","out-of-scope","","unclassified lib:// occurrence (no FROM/DIRECTORY context)"
"local:grants-qvd-generator","Grants QVD Generator","71","[lib://AppData\PROD\AzureDataLake\Data Quality\Data Quality.qvd]","out-of-scope","","unclassified lib:// occurrence (no FROM/DIRECTORY context)"
"local:grants-qvd-generator","Grants QVD Generator","74","//STORE [Grant Activity] into [lib://AppData\PROD\AzureDataLake\GPS\Grant Activity.csv] (txt);","commented","",""
"local:grants-qvd-generator","Grants QVD Generator","178","[lib://AppData\PROD\AzureDataLake\Published Grants\Published Grants.qvd]","out-of-scope","","unclassified lib:// occurrence (no FROM/DIRECTORY context)"
"local:grants-qvd-generator","Grants QVD Generator","181","//STORE [Grant Activity] into [lib://AppData\PROD\AzureDataLake\GPS\Grant Activity.csv] (txt);","commented","",""
"local:grants-qvd-generator","Grants QVD Generator","275","[lib://AppData\PROD\AzureDataLake\Grant Connect\Grants Awarded.qvd]","out-of-scope","","unclassified lib:// occurrence (no FROM/DIRECTORY context)"
"local:grants-qvd-generator","Grants QVD Generator","302","[lib://AppData/PROD/AzureDataLake/NIAA/ACNC Register.qvd]","out-of-scope","","unclassified lib:// occurrence (no FROM/DIRECTORY context)"
"local:grants-qvd-generator","Grants QVD Generator","333","[lib://AppData/PROD/AzureDataLake/NIAA/ORIC Register.qvd]","out-of-scope","","unclassified lib:// occurrence (no FROM/DIRECTORY context)"
"local:grants-qvd-generator","Grants QVD Generator","409","[lib://AppData/PROD/AzureDataLake/NIAA/Organisation Debt.qvd]","out-of-scope","","unclassified lib:// occurrence (no FROM/DIRECTORY context)"
"local:iam-qvd-builder","IAM QVD Builder","93","[lib://AppDataProd/AzureDataLake/$(vSchema)/$(vTable).QVD]","out-of-scope","","unclassified lib:// occurrence (no FROM/DIRECTORY context)"
"local:iam-qvd-builder","IAM QVD Builder","94","[lib://AppDataProd/AzureDataLake/$(vSchema)/$(vTable).QVD]","out-of-scope","","unclassified lib:// occurrence (no FROM/DIRECTORY context)"
"local:iam-qvd-builder","IAM QVD Builder","143","[lib://AppDataProd/AzureDataLake/$(vSchema)/$(vSQL_Tbl).QVD]","out-of-scope","","unclassified lib:// occurrence (no FROM/DIRECTORY context)"
"local:iam-qvd-builder","IAM QVD Builder","144","[lib://AppDataProd/AzureDataLake/$(vSchema)/$(vSQL_Tbl).QVD]","out-of-scope","","unclassified lib:// occurrence (no FROM/DIRECTORY context)"
"3007c7dc-e938-43c4-9b26-ea484985d45e","IPP QVD Generator","523","[lib://AppData\$(Env)\$(AppName)\$(Process)\$(TableName).qvd]","out-of-scope","","unclassified lib:// occurrence (no FROM/DIRECTORY context)"
"3007c7dc-e938-43c4-9b26-ea484985d45e","IPP QVD Generator","524","[lib://AppData\$(Env)\$(AppName)\$(Process)\$(TableName).csv]","out-of-scope","","unclassified lib:// occurrence (no FROM/DIRECTORY context)"
