"line","qvd","old_name","new_name","kind"
50,"GPS/GPS Data Warehouse Load Time.qvd","Data Source Code","Data Source Code","segment"
51,"GPS/GPS Data Warehouse Load Time.qvd","Siebel Cut Off Date Time","Siebel Cut Off Date Time","segment"
52,"GPS/GPS Data Warehouse Load Time.qvd","Warehouse Load Time","Warehouse Load Time","segment"
57,"FUSION/Grant Activity.qvd","Grant Activity.Grant Activity Id%","Grant Activity Id","segment"
58,"FUSION/Grant Activity.qvd","Grant Activity.Activity Id","Activity Id","segment"
64,"FUSION/Grant Activity Funding.qvd","Grant Activity Funding.Grant Activity Id%","Grant Activity Id","segment"
65,"FUSION/Grant Activity Funding.qvd","Grant Activity Funding.Financial Year Id%","Financial Year Id","segment"
66,"FUSION/Grant Activity Funding.qvd","Grant Activity Funding.Funding Amount","Funding Amount","segment"
67,"FUSION/Grant Activity Funding.qvd","Grant Activity Funding.Funds Released","Funds Released","segment"
73,"FUSION/Financial Year.qvd","Financial Year.Financial Year Id%","Financial Year Id","segment"
74,"FUSION/Financial Year.qvd","Financial Year.Financial Year","Financial Year","segment"
93,"GPS/Grant Activity Acquittal.qvd","Grant Activity Acquittal.Activity Id","Activity Id","segment"
94,"GPS/Grant Activity Acquittal.qvd","Grant Activity Acquittal.Milestone Id","Milestone Id","segment"
95,"GPS/Grant Activity Acquittal.qvd","Grant Activity Acquittal.Review Id","Review Id","segment"
96,"GPS/Grant Activity Acquittal.qvd","Grant Activity Acquittal.Activity Id","Activity Id","segment"
96,"GPS/Grant Activity Acquittal.qvd","Grant Activity Acquittal.Review Financial Year","Review Financial Year","segment"
97,"GPS/Grant Activity Acquittal.qvd","Grant Activity Acquittal.Review Title","Review Title","segment"
98,"GPS/Grant Activity Acquittal.qvd","Grant Activity Acquittal.Review Financial Year","Review Financial Year","segment"
107,"GPS/Grant Activity Acquittal.qvd","Grant Activity Acquittal.Review Stage","Review Stage","segment"
108,"GPS/Grant Activity Acquittal.qvd","Grant Activity Acquittal.Review Status","Review Status","segment"
109,"GPS/Grant Activity Acquittal.qvd","Grant Activity Acquittal.Review Due Date","Review Due Date","segment"
114,"GPS/Grant Activity Acquittal.qvd","Grant Activity Acquittal.Review Start Date","Review Start Date","segment"
115,"GPS/Grant Activity Acquittal.qvd","Grant Activity Acquittal.Review End Date","Review End Date","segment"
116,"GPS/Grant Activity Acquittal.qvd","Grant Activity Acquittal.Milestone Review Grouping Name","Milestone Review Grouping Name","segment"
117,"GPS/Grant Activity Acquittal.qvd","Grant Activity Acquittal.Review Status Change Date","Review Status Change Date","segment"
118,"GPS/Grant Activity Acquittal.qvd","Grant Activity Acquittal.Review Status","Review Status","segment"
118,"GPS/Grant Activity Acquittal.qvd","Grant Activity Acquittal.Review Status Change Date","Review Status Change Date","segment"
119,"GPS/Grant Activity Acquittal.qvd","Grant Activity Acquittal.Review Status","Review Status","segment"
119,"GPS/Grant Activity Acquittal.qvd","Grant Activity Acquittal.Review Status Change Date","Review Status Change Date","segment"
120,"GPS/Grant Activity Acquittal.qvd","Grant Activity Acquittal.Acquittal Amount","Acquittal Amount","segment"
122,"GPS/Grant Activity Acquittal.qvd","Grant Activity Acquittal.Review Item Justification","Review Item Justification","segment"
123,"GPS/Grant Activity Acquittal.qvd","Grant Activity Acquittal.Review Result Findings","Review Result Findings","segment"
124,"GPS/Grant Activity Acquittal.qvd","Grant Activity Acquittal.Review Result Type","Review Result Type","segment"
125,"GPS/Grant Activity Acquittal.qvd","Grant Activity Acquittal.Review Authorised By","Review Authorised By","segment"
126,"GPS/Grant Activity Acquittal.qvd","Grant Activity Acquittal.Review Type","Review Type","segment"
127,"GPS/Grant Activity Acquittal.qvd","Grant Activity Acquittal.Review Subtype","Review Subtype","segment"
128,"GPS/Grant Activity Acquittal.qvd","Grant Activity Acquittal.Milestone Review Grouping Name","Milestone Review Grouping Name","segment"
128,"GPS/Grant Activity Acquittal.qvd","Grant Activity Acquittal.Milestone Review Grouping Name","Milestone Review Grouping Name","segment"
131,"GPS/Grant Activity Acquittal.qvd","Grant Activity Acquittal.Review Status","Review Status","post-from"
171,"GPS/Grant Activity Acquittal Item.qvd","Grant Activity Acquittal Item.Review Id","Review Id","segment"
172,"GPS/Grant Activity Acquittal Item.qvd","Grant Activity Acquittal Item.Review Title","Review Title","segment"
173,"GPS/Grant Activity Acquittal Item.qvd","Grant Activity Acquittal Item.Review Item Number","Review Item Number","segment"
174,"GPS/Grant Activity Acquittal Item.qvd","Grant Activity Acquittal Item.Review Item Question","Review Item Question","segment"
175,"GPS/Grant Activity Acquittal Item.qvd","Grant Activity Acquittal Item.Review Item Answer","Review Item Answer","segment"
176,"GPS/Grant Activity Acquittal Item.qvd","Grant Activity Acquittal Item.Review Item Justification","Review Item Justification","segment"
242,"FUSION/Grant Activity.qvd","Grant Activity.Grant Activity Id%","Grant Activity Id","segment"
243,"FUSION/Grant Activity.qvd","Grant Activity.Source Organisation Id%","Source Organisation Id","segment"
244,"FUSION/Grant Activity.qvd","Grant Activity.Activity Id","Activity Id","segment"
244,"FUSION/Grant Activity.qvd","Grant Activity.PMC Region Id%","PMC Region Id","segment"
245,"FUSION/Grant Activity.qvd","Grant Activity.Programme Component Id%","Programme Component Id","segment"
246,"FUSION/Grant Activity.qvd","Grant Activity.Programme Id%","Programme Id","segment"
246,"FUSION/Grant Activity.qvd","Grant Activity.Programme Id%","Programme Id","segment"
248,"FUSION/Grant Activity.qvd","Grant Activity.Sub Programme","Sub Programme","segment"
249,"FUSION/Grant Activity.qvd","Grant Activity.Grant Activity","Grant Activity","segment"
251,"FUSION/Grant Activity.qvd","Grant Activity.Activity Id","Activity Id","segment"
252,"FUSION/Grant Activity.qvd","Grant Activity.Activity Description","Activity Description","segment"
253,"FUSION/Grant Activity.qvd","Grant Activity.Activity Start Date","Activity Start Date","segment"
254,"FUSION/Grant Activity.qvd","Grant Activity.Activity End Date","Activity End Date","segment"
255,"FUSION/Grant Activity.qvd","Grant Activity.Activity End Date","Activity End Date","segment"
256,"FUSION/Grant Activity.qvd","Grant Activity.Activity Start Date","Activity Start Date","segment"
256,"FUSION/Grant Activity.qvd","Grant Activity.Activity Start Date","Activity Start Date","segment"
257,"FUSION/Grant Activity.qvd","Grant Activity.Activity End Date","Activity End Date","segment"
257,"FUSION/Grant Activity.qvd","Grant Activity.Activity End Date","Activity End Date","segment"
260,"FUSION/Grant Activity.qvd","Grant Activity.Source System Id%","Source System Id","segment"
262,"FUSION/Grant Activity.qvd","Grant Activity.Activity Manager","Activity Manager","segment"
263,"FUSION/Grant Activity.qvd","Grant Activity.Activity Manager","Activity Manager","segment"
264,"FUSION/Grant Activity.qvd","Grant Activity.Approved On Date","Approved On Date","segment"
272,"FUSION/Grant Activity.qvd","Grant Activity.Source Status Group","Source Status Group","segment"
274,"FUSION/Grant Activity.qvd","Grant Activity.Current Ceasing Activity Assessment Id%","Current Ceasing Activity Assessment Id","segment"
275,"FUSION/Grant Activity.qvd","Grant Activity.Current Ceasing Activity Assessment","Current Ceasing Activity Assessment","segment"
283,"FUSION/Source Organisation.qvd","Source Organisation.Source Organisation Id%","Source Organisation Id","segment"
284,"FUSION/Source Organisation.qvd","Source Organisation.Organisation Id%","Organisation Id","segment"
303,"FUSION/Organisation.qvd","Organisation.Organisation Id%","Organisation Id","segment"
304,"FUSION/Organisation.qvd","Organisation.Organisation","Organisation","segment"
307,"FUSION/Organisation.qvd","Organisation.ABN","ABN","segment"
314,"FUSION/Organisation.qvd","Organisation.ORP Expiry Date","ORP Expiry Date","segment"
315,"FUSION/Organisation.qvd","Organisation.ORP Risk Rating","ORP Risk Rating","segment"
315,"FUSION/Organisation.qvd","Organisation.ORP Expiry Date","ORP Expiry Date","segment"
315,"FUSION/Organisation.qvd","Organisation.ORP Risk Rating","ORP Risk Rating","segment"
319,"FUSION/Organisation.qvd","Organisation.Risk Exemption Reason","Risk Exemption Reason","segment"
321,"FUSION/Organisation.qvd","Organisation.Indigeneity","Indigeneity","segment"
321,"FUSION/Organisation.qvd","Organisation.Indigeneity","Indigeneity","segment"
321,"FUSION/Organisation.qvd","Organisation.Indigeneity","Indigeneity","segment"
329,"FUSION/Programme.qvd","Programme.Programme Id%","Programme Id","segment"
330,"FUSION/Programme.qvd","Programme.Programme","Programme","segment"
336,"FUSION/Programme Component.qvd","Programme Component.Programme Component Id%","Programme Component Id","segment"
337,"FUSION/Programme Component.qvd","Programme Component.Programme Id%","Programme Id","segment"
338,"FUSION/Programme Component.qvd","Programme Component.Programme Component","Programme Component","segment"
341,"FUSION/Programme Component.qvd","Programme Component.Outcome Element","Outcome Element","segment"
362,"FUSION/Grant Activity Funding.qvd","Grant Activity Funding.Grant Activity Id%","Grant Activity Id","segment"
363,"FUSION/Grant Activity Funding.qvd","Grant Activity Funding.Financial Year Id%","Financial Year Id","segment"
366,"FUSION/Grant Activity Funding.qvd","Grant Activity Funding.Funding Amount","Funding Amount","segment"
367,"FUSION/Grant Activity Funding.qvd","Grant Activity Funding.Funds Released","Funds Released","segment"
374,"FUSION/Financial Year.qvd","Financial Year.Financial Year Id%","Financial Year Id","segment"
375,"FUSION/Financial Year.qvd","Financial Year.Financial Year","Financial Year","segment"
515,"FUSION/PMC Region.qvd","PMC Region.PMC Region Id%","PMC Region Id","segment"
517,"FUSION/PMC Region.qvd","PMC Region.PMC Region Abbr","PMC Region Abbr","segment"
517,"FUSION/PMC Region.qvd","PMC Region.PMC Region","PMC Region","segment"
518,"FUSION/PMC Region.qvd","PMC Region.PMC Region Abbr","PMC Region Abbr","segment"
518,"FUSION/PMC Region.qvd","PMC Region.PMC Region Abbr","PMC Region Abbr","segment"
519,"FUSION/PMC Region.qvd","PMC Region.PMC Region Abbr","PMC Region Abbr","segment"
519,"FUSION/PMC Region.qvd","PMC Region.PMC Region","PMC Region","segment"
520,"FUSION/PMC Region.qvd","PMC Region.PMC Region Abbr","PMC Region Abbr","segment"
520,"FUSION/PMC Region.qvd","PMC Region.PMC Region Abbr","PMC Region Abbr","segment"
521,"FUSION/PMC Region.qvd","PMC Region.State","State","segment"
526,"FUSION/PMC Region.qvd","PMC Region.PMC Region Abbr","PMC Region Abbr","segment"
526,"FUSION/PMC Region.qvd","PMC Region.PMC Region Abbr","PMC Region Abbr","segment"
526,"FUSION/PMC Region.qvd","PMC Region.PMC Region Abbr","PMC Region Abbr","segment"
526,"FUSION/PMC Region.qvd","PMC Region.PMC Region Abbr","PMC Region Abbr","segment"
527,"FUSION/PMC Region.qvd","PMC Region.PMC Region Abbr","PMC Region Abbr","segment"
527,"FUSION/PMC Region.qvd","PMC Region.PMC Region Abbr","PMC Region Abbr","segment"
527,"FUSION/PMC Region.qvd","PMC Region.PMC Region Abbr","PMC Region Abbr","segment"
528,"FUSION/PMC Region.qvd","PMC Region.PMC Region Abbr","PMC Region Abbr","segment"
528,"FUSION/PMC Region.qvd","PMC Region.PMC Region Abbr","PMC Region Abbr","segment"
528,"FUSION/PMC Region.qvd","PMC Region.PMC Region Abbr","PMC Region Abbr","segment"
529,"FUSION/PMC Region.qvd","PMC Region.PMC Region Abbr","PMC Region Abbr","segment"
529,"FUSION/PMC Region.qvd","PMC Region.PMC Region Abbr","PMC Region Abbr","segment"
535,"FUSION/PMC Region.qvd","PMC Region.PMC Region Id%","PMC Region Id","segment"
536,"FUSION/PMC Region.qvd","PMC Region.State","State","segment"
537,"FUSION/PMC Region.qvd","PMC Region.PMC Region Abbr","PMC Region Abbr","segment"
537,"FUSION/PMC Region.qvd","PMC Region.PMC Region Abbr","PMC Region Abbr","segment"
537,"FUSION/PMC Region.qvd","PMC Region.PMC Region Abbr","PMC Region Abbr","segment"
537,"FUSION/PMC Region.qvd","PMC Region.PMC Region Abbr","PMC Region Abbr","segment"
538,"FUSION/PMC Region.qvd","PMC Region.PMC Region Abbr","PMC Region Abbr","segment"
538,"FUSION/PMC Region.qvd","PMC Region.PMC Region Abbr","PMC Region Abbr","segment"
538,"FUSION/PMC Region.qvd","PMC Region.PMC Region Abbr","PMC Region Abbr","segment"
539,"FUSION/PMC Region.qvd","PMC Region.PMC Region Abbr","PMC Region Abbr","segment"
539,"FUSION/PMC Region.qvd","PMC Region.PMC Region Abbr","PMC Region Abbr","segment"
539,"FUSION/PMC Region.qvd","PMC Region.PMC Region Abbr","PMC Region Abbr","segment"
539,"FUSION/PMC Region.qvd","PMC Region.PMC Region Abbr","PMC Region Abbr","segment"
540,"FUSION/PMC Region.qvd","PMC Region.PMC Region Abbr","PMC Region Abbr","segment"
605,"SSR/Milestone Overdue Month.qvd","Milestone Id","Milestone Id","segment"
606,"SSR/Milestone Overdue Month.qvd","Milestone Payment Mode","Milestone Payment Mode","segment"
607,"SSR/Milestone Overdue Month.qvd","Outstanding","Outstanding","segment"
608,"SSR/Milestone Overdue Month.qvd","Outstanding","Outstanding","segment"
617,"GPS/Grant Activity Acquittal Error.qvd","Grant Activity Acquittal Error.Review Id","Review Id","segment"
618,"GPS/Grant Activity Acquittal Error.qvd","Grant Activity Acquittal Error.Error","Error","segment"
619,"GPS/Grant Activity Acquittal Error.qvd","Grant Activity Acquittal Error.Error Number","Error Number","segment"
