"our_line","their_line","name","side"
130,132,"[Activity Id] & REPLACE([Review Financial Year], '-20', '-')","ours-only"
130,132,"IF([Review Status] LIKE '*Complete*', [Review Status Change Date])","ours-only"
130,132,"REPLACE([Review Financial Year], '-20', '-')","ours-only"
130,132,"REPLACE(MID([Milestone Review Grouping Name], INDEX([Milestone Review Grouping Name], 'Acquittal', 1) + 10), '&', 'and')","ours-only"
130,132,"YEARNAME(IF([Review Status] LIKE '*Complete*', [Review Status Change Date]), 0, 7)","ours-only"
130,132,"[Activity Id] & REPLACE([Review Financial Year],'-20','-')","theirs-only"
130,132,"IF([Review Status] LIKE '*Complete*', [Review Status Change Date], NULL())","theirs-only"
130,132,"REPLACE( MID( [Milestone Review Grouping Name], INDEX( [Milestone Review Grouping Name], 'Acquittal', 1) +10 ), '&' , 'and')","theirs-only"
130,132,"REPLACE([Review Financial Year],'-20','-')","theirs-only"
277,263,"DATE([Activity End Date], 'DD/MM/YYYY')","ours-only"
277,263,"DATE([Activity Start Date], 'DD/MM/YYYY')","ours-only"
277,263,"IF([Activity End Date] > TODAY() - 30 AND [Activity End Date] < TODAY(), 1, 0)","ours-only"
277,263,"IF([Activity Id] = '4-ENJBSQ2', 'a6c824bf-afc1-e611-80f1-c4346bc5977c', [PMC Region Id])","ours-only"
277,263,"IF([Activity Start Date] > TODAY() - 30 AND [Activity Start Date] < TODAY(), 1, 0)","ours-only"
277,263,"IF(LEN([Programme Id]) = 0, 'ae0b9448-9f69-e611-80e6-c4346bc43f98', [Programme Id])","ours-only"
277,263,"LOWER(TRIM([Activity Manager]))","ours-only"
277,263,"YEARNAME([Activity End Date], 0, 7)","ours-only"
277,263,"DATE( [Activity End Date], 'DD/MM/YYYY')","theirs-only"
277,263,"DATE( [Activity Start Date], 'DD/MM/YYYY')","theirs-only"
277,263,"IF( [Activity End Date] > TODAY() - 30 AND [Activity End Date] < TODAY(), 1,0)","theirs-only"
277,263,"IF( [Activity Id] = '4-ENJBSQ2', 'a6c824bf-afc1-e611-80f1-c4346bc5977c',[PMC Region Id])","theirs-only"
277,263,"IF( [Activity Start Date] > TODAY() - 30 AND [Activity Start Date] < TODAY(), 1,0)","theirs-only"
277,263,"IF( LEN( [Programme Id]) = 0, 'ae0b9448-9f69-e611-80e6-c4346bc43f98',[Programme Id])","theirs-only"
277,263,"lower( Trim( [Activity Manager]))","theirs-only"
277,263,"YEARNAME([Activity End Date], 0,7)","theirs-only"
324,282,"IF(ISNULL([Indigeneity]) OR [Indigeneity] = 'Unknown', 'No', [Indigeneity])","ours-only"
324,282,"IF(ISNULL([ORP Risk Rating]), 'Not Rated', IF([ORP Expiry Date] < TODAY(), 'Expired', [ORP Risk Rating]))","ours-only"
324,282,"IF(IsNull([Indigeneity]) or [Indigeneity] = 'Unknown' , 'No', [Indigeneity])","theirs-only"
324,282,"IF(ISNULL([ORP Risk Rating]), 'Not Rated', IF([ORP Expiry Date]<TODAY(), 'Expired', [ORP Risk Rating]))","theirs-only"
331,289,"REPLACE([Programme], '2.', '1.')","ours-only"
331,289,"REPLACE([Programme],'2.','1.')","theirs-only"
506,411,"Engegement Officer","ours-only"
506,411,"GMU Region Id%","ours-only"
506,411,"Grant Activity Id%","ours-only"
506,411,"NIAA Region Id%","ours-only"
506,411,"Source System Id","theirs-only"
530,453,"IF([PMC Region Abbr] = 'GWA' OR [PMC Region Abbr] = 'KIM' OR [PMC Region Abbr] = 'SA' OR [PMC Region Abbr] = 'VIC/TAS', 'West & South Group', IF([PMC Region Abbr] = 'CA' OR [PMC Region Abbr] = 'TETI' OR [PMC Region Abbr] = 'ALGE', 'Central Group', IF([PMC Region Abbr] = 'ENSW' OR [PMC Region Abbr] = 'WNSW' OR [PMC Region Abbr] = 'SQLD' OR [PMC Region Abbr] = 'FNQLD' OR [PMC Region Abbr] = 'GNQLD', 'Eastern Group', 'National')))","ours-only"
530,453,"IF( [PMC Region Abbr] = 'GWA' OR [PMC Region Abbr] = 'KIM' OR [PMC Region Abbr] = 'SA' OR [PMC Region Abbr] = 'VIC/TAS', 'West & South Group', IF( [PMC Region Abbr] = 'CA' OR [PMC Region Abbr] = 'TETI' OR [PMC Region Abbr] = 'ALGE', 'Central Group', IF( [PMC Region Abbr] = 'ENSW' OR [PMC Region Abbr] = 'WNSW' OR [PMC Region Abbr] = 'SQLD' OR [PMC Region Abbr] = 'FNQLD' OR [PMC Region Abbr] = 'GNQLD', 'Eastern Group','National')))","theirs-only"
541,478,"IF([PMC Region Abbr] = 'GWA' OR [PMC Region Abbr] = 'KIM' OR [PMC Region Abbr] = 'SA' OR [PMC Region Abbr] = 'VIC/TAS', 'West & South Group', IF([PMC Region Abbr] = 'CA' OR [PMC Region Abbr] = 'TETI' OR [PMC Region Abbr] = 'ALGE', 'Central Group', IF([PMC Region Abbr] = 'ENSW' OR [PMC Region Abbr] = 'WNSW' OR [PMC Region Abbr] = 'SQLD' OR [PMC Region Abbr] = 'FNQLD' OR [PMC Region Abbr] = 'GNQLD', 'Eastern Group', 'National')))","ours-only"
541,478,"IF( [PMC Region Abbr] = 'GWA' OR [PMC Region Abbr] = 'KIM' OR [PMC Region Abbr] = 'SA' OR [PMC Region Abbr] = 'VIC/TAS', 'West & South Group' , IF( [PMC Region Abbr] = 'CA' OR [PMC Region Abbr] = 'TETI' OR [PMC Region Abbr] = 'ALGE', 'Central Group' , IF( [PMC Region Abbr] = 'ENSW' OR [PMC Region Abbr] = 'WNSW' OR [PMC Region Abbr] = 'SQLD' OR [PMC Region Abbr] = 'FNQLD' OR [PMC Region Abbr] = 'GNQLD', 'Eastern Group','National')))","theirs-only"
588,540,"$([vDaysoverdue])","ours-only"
588,540,"(FLOOR(([Grant Activity Milestone.Milestone Completion Date] - [Grant Activity Milestone.Milestone Expected Due Date]) / 30) * 30) + 30","ours-only"
588,540,"Grant Activity Milestone.Activity Id","ours-only"
588,540,"Grant Activity Milestone.Activity IMPACT PO Id","ours-only"
588,540,"Grant Activity Milestone.Activity PBS Program","ours-only"
588,540,"Grant Activity Milestone.Financial Year Name","ours-only"
588,540,"Grant Activity Milestone.Managing Office - Activity","ours-only"
588,540,"Grant Activity Milestone.Milestone Action Required","ours-only"
588,540,"Grant Activity Milestone.Milestone Actual Amount Ex GST","ours-only"
588,540,"Grant Activity Milestone.Milestone Auto Release Indicator","ours-only"
588,540,"Grant Activity Milestone.Milestone Completed Indicator","ours-only"
588,540,"Grant Activity Milestone.Milestone Completion Date","ours-only"
588,540,"Grant Activity Milestone.Milestone Completion Description","ours-only"
588,540,"Grant Activity Milestone.Milestone Date Driven Indicator","ours-only"
588,540,"Grant Activity Milestone.Milestone Expected Due Date","ours-only"
588,540,"Grant Activity Milestone.Milestone Id","ours-only"
588,540,"Grant Activity Milestone.Milestone Long Description","ours-only"
588,540,"Grant Activity Milestone.Milestone Payment Mode","ours-only"
588,540,"Grant Activity Milestone.Milestone Received","ours-only"
588,540,"Grant Activity Milestone.Milestone Short Description","ours-only"
588,540,"Grant Activity Milestone.Milestone Status","ours-only"
588,540,"Grant Activity Milestone.Milestone Type","ours-only"
588,540,"IF($([vDaysoverdue]) <= 30, 1, 0)","ours-only"
588,540,"IF([Grant Activity Milestone.Milestone Completion Date] > TODAY() - 30 AND [Grant Activity Milestone.Milestone Expected Due Date] < TODAY(), 1, 0)","ours-only"
588,540,"IF([Grant Activity Milestone.Milestone Expected Due Date] < TODAY() + 180 AND [Grant Activity Milestone.Milestone Expected Due Date] > TODAY(), 1, 0)","ours-only"
588,540,"IF([Grant Activity Milestone.Milestone Expected Due Date] < TODAY() + 30 AND [Grant Activity Milestone.Milestone Expected Due Date] > TODAY(), 1, 0)","ours-only"
588,540,"IF([Grant Activity Milestone.Milestone Expected Due Date] < TODAY() + 60 AND [Grant Activity Milestone.Milestone Expected Due Date] > TODAY() + 30, 1, 0)","ours-only"
588,540,"IF([Grant Activity Milestone.Milestone Expected Due Date] <= TODAY(), IF([Grant Activity Milestone.Milestone Stage] = 'Future', 'Overdue - Not received', IF([Grant Activity Milestone.Milestone Stage] = 'Overdue', 'Overdue - Not received', IF([Grant Activity Milestone.Milestone Stage] = 'Received', 'Overdue - Received'))), IF([Grant Activity Milestone.Milestone Expected Due Date] > TODAY(), IF([Grant Activity Milestone.Milestone Stage] = 'Future', 'Future - Not received', IF([Grant Activity Milestone.Milestone Stage] = 'Overdue', 'Future - Not received', IF([Grant Activity Milestone.Milestone Stage] = 'Received', 'Future - Received')))) )","ours-only"
588,540,"IF([Grant Activity Milestone.Milestone Expected Due Date] > TODAY(), 'Overdue', [Grant Activity Milestone.Milestone Stage])","ours-only"
588,540,"IF([Grant Activity Milestone.Milestone Expected Due Date] > TODAY(), 0, 1)","ours-only"
588,540,"REPLACE(YEARNAME([Grant Activity Milestone.Milestone Expected Due Date], 0, 7), '-20', '-')","ours-only"
588,540,"$(vDaysoverdue)","theirs-only"
588,540,"(Floor(([Milestone Completion Date] - [Milestone Expected Due Date])/30) * 30)+30","theirs-only"
588,540,"Activity Id","theirs-only"
588,540,"Activity IMPACT PO Id","theirs-only"
588,540,"Activity PBS Program","theirs-only"
588,540,"Financial Year Name","theirs-only"
588,540,"IF( [Milestone Completion Date] > TODAY() - 30 AND [Milestone Expected Due Date] < TODAY(), 1, 0)","theirs-only"
588,540,"IF( [Milestone Expected Due Date] < TODAY() + 180 AND [Milestone Expected Due Date] > TODAY(), 1, 0)","theirs-only"
588,540,"IF( [Milestone Expected Due Date] < TODAY() + 30 AND [Milestone Expected Due Date] > TODAY(), 1, 0)","theirs-only"
588,540,"IF( [Milestone Expected Due Date] < TODAY() + 60 AND [Milestone Expected Due Date] > TODAY() + 30, 1, 0)","theirs-only"
588,540,"IF( [Milestone Expected Due Date] <= TODAY(), IF( [Milestone Stage] = 'Future', 'Overdue - Not received', IF( [Milestone Stage] = 'Overdue', 'Overdue - Not received', IF( [Milestone Stage] = 'Received', 'Overdue - Received'))), IF( [Milestone Expected Due Date] > TODAY(), IF( [Milestone Stage] = 'Future', 'Future - Not received', IF( [Milestone Stage] = 'Overdue', 'Future - Not received', IF( [Milestone Stage] = 'Received', 'Future - Received')))))","theirs-only"
588,540,"IF( [Milestone Expected Due Date] > TODAY(), 'Overdue', [Milestone Stage])","theirs-only"
588,540,"IF( [Milestone Expected Due Date] > TODAY(), 0, 1)","theirs-only"
588,540,"IF($(vDaysoverdue) <= 30, 1, 0)","theirs-only"
588,540,"Managing Office - Activity","theirs-only"
588,540,"Milestone Action Required","theirs-only"
588,540,"Milestone Actual Amount Ex GST","theirs-only"
588,540,"Milestone Auto Release Indicator","theirs-only"
588,540,"Milestone Completed Indicator","theirs-only"
588,540,"Milestone Completion Date","theirs-only"
588,540,"Milestone Completion Description","theirs-only"
588,540,"Milestone Date Driven Indicator","theirs-only"
588,540,"Milestone Expected Due Date","theirs-only"
588,540,"Milestone Id","theirs-only"
588,540,"Milestone Long Description","theirs-only"
588,540,"Milestone Payment Mode","theirs-only"
588,540,"Milestone Received","theirs-only"
588,540,"Milestone Short Description","theirs-only"
588,540,"Milestone Status","theirs-only"
588,540,"Milestone Type","theirs-only"
588,540,"REPLACE(YEARNAME([Milestone Expected Due Date],0,7), '-20','-')","theirs-only"
609,565,"DATE([Outstanding], 'dd/MM/yyyy')","ours-only"
609,565,"REPLACE(YEARNAME([Outstanding], 0, 7), '-20', '-')","ours-only"
609,565,"DATE(Outstanding, 'dd/MM/yyyy')","theirs-only"
609,565,"REPLACE(YEARNAME(Outstanding,0,7), '-20','-')","theirs-only"
